日付,時間,役,順位,名前,得票数
04/19,2,村人A,1,ロコ,658
04/19,2,村人A,2,茜,53
04/19,2,村人A,3,ひなた,32
04/19,2,村人A,4,亜利沙,25
04/19,2,村人A,5,千鶴,22
04/19,2,村人A,6,未来,18
04/19,2,村人A,7,瑞希,16
04/19,2,村人A,8,美奈子,14
04/19,2,村人A,9,麗花,13
04/19,2,村人A,10,可奈,13
04/19,3,村人A,1,ロコ,684
04/19,3,村人A,2,茜,53
04/19,3,村人A,3,ひなた,32
04/19,3,村人A,4,亜利沙,25
04/19,3,村人A,5,千鶴,22
04/19,3,村人A,6,未来,18
04/19,3,村人A,7,瑞希,16
04/19,3,村人A,8,美奈子,14
04/19,3,村人A,9,可奈,14
04/19,3,村人A,10,麗花,13
04/19,4,村人A,1,ロコ,695
04/19,4,村人A,2,茜,54
04/19,4,村人A,3,ひなた,35
04/19,4,村人A,4,亜利沙,25
04/19,4,村人A,5,千鶴,22
04/19,4,村人A,6,未来,18
04/19,4,村人A,7,瑞希,16
04/19,4,村人A,8,美奈子,15
04/19,4,村人A,9,可奈,14
04/19,4,村人A,10,麗花,13
04/19,5,村人A,1,ロコ,702
04/19,5,村人A,2,茜,54
04/19,5,村人A,3,ひなた,35
04/19,5,村人A,4,亜利沙,25
04/19,5,村人A,5,千鶴,22
04/19,5,村人A,6,未来,18
04/19,5,村人A,7,瑞希,16
04/19,5,村人A,8,美奈子,15
04/19,5,村人A,9,可奈,14
04/19,5,村人A,10,麗花,13
04/19,6,村人A,1,ロコ,710
04/19,6,村人A,2,茜,54
04/19,6,村人A,3,ひなた,35
04/19,6,村人A,4,亜利沙,25
04/19,6,村人A,5,千鶴,22
04/19,6,村人A,6,未来,18
04/19,6,村人A,7,瑞希,16
04/19,6,村人A,8,美奈子,15
04/19,6,村人A,9,可奈,14
04/19,6,村人A,10,麗花,13
04/19,7,村人A,1,ロコ,745
04/19,7,村人A,2,茜,54
04/19,7,村人A,3,ひなた,37
04/19,7,村人A,4,亜利沙,25
04/19,7,村人A,5,千鶴,22
04/19,7,村人A,6,未来,18
04/19,7,村人A,7,瑞希,16
04/19,7,村人A,8,可奈,16
04/19,7,村人A,9,美奈子,15
04/19,7,村人A,10,麗花,13
04/19,8,村人A,1,ロコ,768
04/19,8,村人A,2,茜,54
04/19,8,村人A,3,ひなた,39
04/19,8,村人A,4,亜利沙,25
04/19,8,村人A,5,千鶴,22
04/19,8,村人A,6,未来,19
04/19,8,村人A,7,可奈,18
04/19,8,村人A,8,瑞希,18
04/19,8,村人A,9,美奈子,16
04/19,8,村人A,10,麗花,13
04/19,9,村人A,1,ロコ,789
04/19,9,村人A,2,茜,54
04/19,9,村人A,3,ひなた,40
04/19,9,村人A,4,亜利沙,26
04/19,9,村人A,5,千鶴,23
04/19,9,村人A,6,未来,22
04/19,9,村人A,7,可奈,18
04/19,9,村人A,8,瑞希,18
04/19,9,村人A,9,美奈子,16
04/19,9,村人A,10,麗花,13
04/19,10,村人A,1,ロコ,802
04/19,10,村人A,2,茜,54
04/19,10,村人A,3,ひなた,41
04/19,10,村人A,4,亜利沙,26
04/19,10,村人A,5,千鶴,23
04/19,10,村人A,6,未来,22
04/19,10,村人A,7,可奈,18
04/19,10,村人A,8,瑞希,18
04/19,10,村人A,9,美奈子,17
04/19,10,村人A,10,麗花,13
04/19,11,村人A,1,ロコ,823
04/19,11,村人A,2,茜,56
04/19,11,村人A,3,ひなた,43
04/19,11,村人A,4,亜利沙,26
04/19,11,村人A,5,千鶴,23
04/19,11,村人A,6,未来,23
04/19,11,村人A,7,可奈,18
04/19,11,村人A,8,瑞希,18
04/19,11,村人A,9,美奈子,17
04/19,11,村人A,10,麗花,13
04/19,12,村人A,1,ロコ,842
04/19,12,村人A,2,茜,57
04/19,12,村人A,3,ひなた,44
04/19,12,村人A,4,亜利沙,26
04/19,12,村人A,5,未来,24
04/19,12,村人A,6,千鶴,23
04/19,12,村人A,7,可奈,19
04/19,12,村人A,8,瑞希,18
04/19,12,村人A,9,美奈子,17
04/19,12,村人A,10,麗花,13
04/19,13,村人A,1,ロコ,868
04/19,13,村人A,2,茜,58
04/19,13,村人A,3,ひなた,45
04/19,13,村人A,4,亜利沙,26
04/19,13,村人A,5,未来,24
04/19,13,村人A,6,千鶴,24
04/19,13,村人A,7,可奈,19
04/19,13,村人A,8,美奈子,19
04/19,13,村人A,9,瑞希,18
04/19,13,村人A,10,麗花,13
04/19,14,村人A,1,ロコ,878
04/19,14,村人A,2,茜,58
04/19,14,村人A,3,ひなた,46
04/19,14,村人A,4,亜利沙,26
04/19,14,村人A,5,未来,26
04/19,14,村人A,6,千鶴,24
04/19,14,村人A,7,可奈,19
04/19,14,村人A,8,美奈子,19
04/19,14,村人A,9,瑞希,19
04/19,14,村人A,10,麗花,14
04/19,15,村人A,1,ロコ,889
04/19,15,村人A,2,茜,58
04/19,15,村人A,3,ひなた,46
04/19,15,村人A,4,亜利沙,26
04/19,15,村人A,5,未来,26
04/19,15,村人A,6,千鶴,24
04/19,15,村人A,7,可奈,19
04/19,15,村人A,8,美奈子,19
04/19,15,村人A,9,瑞希,19
04/19,15,村人A,10,麗花,14
04/19,16,村人A,1,ロコ,908
04/19,16,村人A,2,茜,58
04/19,16,村人A,3,ひなた,47
04/19,16,村人A,4,亜利沙,26
04/19,16,村人A,5,未来,26
04/19,16,村人A,6,千鶴,24
04/19,16,村人A,7,可奈,19
04/19,16,村人A,8,美奈子,19
04/19,16,村人A,9,瑞希,19
04/19,16,村人A,10,麗花,14
04/19,17,村人A,1,ロコ,910
04/19,17,村人A,2,茜,58
04/19,17,村人A,3,ひなた,48
04/19,17,村人A,4,亜利沙,26
04/19,17,村人A,5,未来,26
04/19,17,村人A,6,千鶴,24
04/19,17,村人A,7,美奈子,20
04/19,17,村人A,8,可奈,19
04/19,17,村人A,9,瑞希,19
04/19,17,村人A,10,麗花,14
04/19,18,村人A,1,ロコ,919
04/19,18,村人A,2,茜,59
04/19,18,村人A,3,ひなた,48
04/19,18,村人A,4,亜利沙,26
04/19,18,村人A,5,未来,26
04/19,18,村人A,6,千鶴,24
04/19,18,村人A,7,美奈子,20
04/19,18,村人A,8,可奈,20
04/19,18,村人A,9,瑞希,19
04/19,18,村人A,10,麗花,15
04/19,19,村人A,1,ロコ,936
04/19,19,村人A,2,茜,60
04/19,19,村人A,3,ひなた,48
04/19,19,村人A,4,未来,27
04/19,19,村人A,5,亜利沙,26
04/19,19,村人A,6,千鶴,24
04/19,19,村人A,7,美奈子,20
04/19,19,村人A,8,可奈,20
04/19,19,村人A,9,瑞希,19
04/19,19,村人A,10,麗花,16
04/19,20,村人A,1,ロコ,951
04/19,20,村人A,2,茜,62
04/19,20,村人A,3,ひなた,50
04/19,20,村人A,4,未来,27
04/19,20,村人A,5,亜利沙,26
04/19,20,村人A,6,千鶴,25
04/19,20,村人A,7,美奈子,22
04/19,20,村人A,8,可奈,20
04/19,20,村人A,9,瑞希,19
04/19,20,村人A,10,麗花,16
04/19,21,村人A,1,ロコ,960
04/19,21,村人A,2,茜,62
04/19,21,村人A,3,ひなた,51
04/19,21,村人A,4,未来,27
04/19,21,村人A,5,亜利沙,27
04/19,21,村人A,6,千鶴,25
04/19,21,村人A,7,美奈子,22
04/19,21,村人A,8,可奈,20
04/19,21,村人A,9,瑞希,19
04/19,21,村人A,10,麗花,16
04/19,22,村人A,1,ロコ,979
04/19,22,村人A,2,茜,63
04/19,22,村人A,3,ひなた,52
04/19,22,村人A,4,亜利沙,29
04/19,22,村人A,5,未来,27
04/19,22,村人A,6,千鶴,25
04/19,22,村人A,7,美奈子,22
04/19,22,村人A,8,可奈,20
04/19,22,村人A,9,瑞希,19
04/19,22,村人A,10,麗花,16
04/19,23,村人A,1,ロコ,1001
04/19,23,村人A,2,茜,63
04/19,23,村人A,3,ひなた,54
04/19,23,村人A,4,亜利沙,29
04/19,23,村人A,5,未来,27
04/19,23,村人A,6,千鶴,25
04/19,23,村人A,7,美奈子,25
04/19,23,村人A,8,可奈,22
04/19,23,村人A,9,瑞希,19
04/19,23,村人A,10,麗花,16
04/20,0,村人A,1,ロコ,1024
04/20,0,村人A,2,茜,63
04/20,0,村人A,3,ひなた,56
04/20,0,村人A,4,亜利沙,30
04/20,0,村人A,5,未来,27
04/20,0,村人A,6,美奈子,27
04/20,0,村人A,7,千鶴,26
04/20,0,村人A,8,可奈,24
04/20,0,村人A,9,瑞希,19
04/20,0,村人A,10,麗花,16
04/20,1,村人A,1,ロコ,1225
04/20,1,村人A,2,茜,72
04/20,1,村人A,3,ひなた,59
04/20,1,村人A,4,亜利沙,36
04/20,1,村人A,5,未来,29
04/20,1,村人A,6,美奈子,29
04/20,1,村人A,7,千鶴,29
04/20,1,村人A,8,可奈,26
04/20,1,村人A,9,瑞希,19
04/20,1,村人A,10,麗花,17
04/20,2,村人A,1,ロコ,1282
04/20,2,村人A,2,茜,73
04/20,2,村人A,3,ひなた,61
04/20,2,村人A,4,亜利沙,37
04/20,2,村人A,5,千鶴,31
04/20,2,村人A,6,未来,29
04/20,2,村人A,7,美奈子,29
04/20,2,村人A,8,可奈,27
04/20,2,村人A,9,瑞希,19
04/20,2,村人A,10,麗花,17
04/20,3,村人A,1,ロコ,1304
04/20,3,村人A,2,茜,74
04/20,3,村人A,3,ひなた,62
04/20,3,村人A,4,亜利沙,37
04/20,3,村人A,5,千鶴,31
04/20,3,村人A,6,未来,30
04/20,3,村人A,7,美奈子,30
04/20,3,村人A,8,可奈,27
04/20,3,村人A,9,瑞希,21
04/20,3,村人A,10,志保,19
04/20,4,村人A,1,ロコ,1325
04/20,4,村人A,2,茜,74
04/20,4,村人A,3,ひなた,64
04/20,4,村人A,4,亜利沙,37
04/20,4,村人A,5,千鶴,32
04/20,4,村人A,6,未来,30
04/20,4,村人A,7,美奈子,30
04/20,4,村人A,8,可奈,27
04/20,4,村人A,9,瑞希,21
04/20,4,村人A,10,志保,19
04/20,5,村人A,1,ロコ,1329
04/20,5,村人A,2,茜,74
04/20,5,村人A,3,ひなた,64
04/20,5,村人A,4,亜利沙,37
04/20,5,村人A,5,千鶴,32
04/20,5,村人A,6,未来,30
04/20,5,村人A,7,美奈子,30
04/20,5,村人A,8,可奈,27
04/20,5,村人A,9,瑞希,21
04/20,5,村人A,10,志保,19
04/20,6,村人A,1,ロコ,1341
04/20,6,村人A,2,茜,74
04/20,6,村人A,3,ひなた,65
04/20,6,村人A,4,亜利沙,37
04/20,6,村人A,5,千鶴,32
04/20,6,村人A,6,未来,30
04/20,6,村人A,7,美奈子,30
04/20,6,村人A,8,可奈,27
04/20,6,村人A,9,瑞希,21
04/20,6,村人A,10,志保,19
04/20,7,村人A,1,ロコ,1370
04/20,7,村人A,2,茜,75
04/20,7,村人A,3,ひなた,67
04/20,7,村人A,4,亜利沙,37
04/20,7,村人A,5,千鶴,33
04/20,7,村人A,6,美奈子,33
04/20,7,村人A,7,未来,30
04/20,7,村人A,8,可奈,27
04/20,7,村人A,9,瑞希,23
04/20,7,村人A,10,志保,19
04/20,8,村人A,1,ロコ,1398
04/20,8,村人A,2,茜,75
04/20,8,村人A,3,ひなた,71
04/20,8,村人A,4,亜利沙,37
04/20,8,村人A,5,美奈子,35
04/20,8,村人A,6,千鶴,33
04/20,8,村人A,7,未来,31
04/20,8,村人A,8,可奈,30
04/20,8,村人A,9,瑞希,24
04/20,8,村人A,10,志保,19
04/20,9,村人A,1,ロコ,1426
04/20,9,村人A,2,茜,75
04/20,9,村人A,3,ひなた,72
04/20,9,村人A,4,亜利沙,37
04/20,9,村人A,5,美奈子,35
04/20,9,村人A,6,千鶴,35
04/20,9,村人A,7,未来,32
04/20,9,村人A,8,可奈,30
04/20,9,村人A,9,瑞希,25
04/20,9,村人A,10,志保,19
04/20,10,村人A,1,ロコ,1441
04/20,10,村人A,2,茜,82
04/20,10,村人A,3,ひなた,73
04/20,10,村人A,4,亜利沙,37
04/20,10,村人A,5,美奈子,35
04/20,10,村人A,6,千鶴,35
04/20,10,村人A,7,未来,34
04/20,10,村人A,8,可奈,31
04/20,10,村人A,9,瑞希,26
04/20,10,村人A,10,志保,19
04/20,11,村人A,1,ロコ,1463
04/20,11,村人A,2,茜,84
04/20,11,村人A,3,ひなた,73
04/20,11,村人A,4,亜利沙,37
04/20,11,村人A,5,美奈子,36
04/20,11,村人A,6,千鶴,36
04/20,11,村人A,7,未来,35
04/20,11,村人A,8,可奈,31
04/20,11,村人A,9,瑞希,26
04/20,11,村人A,10,志保,19
04/20,12,村人A,1,ロコ,1474
04/20,12,村人A,2,茜,84
04/20,12,村人A,3,ひなた,74
04/20,12,村人A,4,亜利沙,37
04/20,12,村人A,5,美奈子,37
04/20,12,村人A,6,千鶴,36
04/20,12,村人A,7,未来,35
04/20,12,村人A,8,可奈,31
04/20,12,村人A,9,瑞希,26
04/20,12,村人A,10,志保,19
04/20,13,村人A,1,ロコ,1477
04/20,13,村人A,2,茜,84
04/20,13,村人A,3,ひなた,74
04/20,13,村人A,4,美奈子,38
04/20,13,村人A,5,亜利沙,37
04/20,13,村人A,6,千鶴,36
04/20,13,村人A,7,未来,35
04/20,13,村人A,8,可奈,31
04/20,13,村人A,9,瑞希,26
04/20,13,村人A,10,志保,19
04/20,14,村人A,1,ロコ,1485
04/20,14,村人A,2,茜,84
04/20,14,村人A,3,ひなた,74
04/20,14,村人A,4,美奈子,38
04/20,14,村人A,5,亜利沙,37
04/20,14,村人A,6,千鶴,36
04/20,14,村人A,7,未来,35
04/20,14,村人A,8,可奈,31
04/20,14,村人A,9,瑞希,29
04/20,14,村人A,10,志保,19
04/20,15,村人A,1,ロコ,1485
04/20,15,村人A,2,茜,84
04/20,15,村人A,3,ひなた,74
04/20,15,村人A,4,美奈子,38
04/20,15,村人A,5,亜利沙,37
04/20,15,村人A,6,千鶴,36
04/20,15,村人A,7,未来,35
04/20,15,村人A,8,可奈,31
04/20,15,村人A,9,瑞希,30
04/20,15,村人A,10,志保,19
04/20,16,村人A,1,ロコ,1490
04/20,16,村人A,2,茜,84
04/20,16,村人A,3,ひなた,74
04/20,16,村人A,4,美奈子,38
04/20,16,村人A,5,亜利沙,37
04/20,16,村人A,6,千鶴,36
04/20,16,村人A,7,未来,35
04/20,16,村人A,8,可奈,31
04/20,16,村人A,9,瑞希,30
04/20,16,村人A,10,志保,19
04/20,17,村人A,1,ロコ,1502
04/20,17,村人A,2,茜,84
04/20,17,村人A,3,ひなた,74
04/20,17,村人A,4,美奈子,40
04/20,17,村人A,5,亜利沙,37
04/20,17,村人A,6,千鶴,36
04/20,17,村人A,7,未来,35
04/20,17,村人A,8,可奈,31
04/20,17,村人A,9,瑞希,30
04/20,17,村人A,10,志保,19
04/20,18,村人A,1,ロコ,1521
04/20,18,村人A,2,茜,84
04/20,18,村人A,3,ひなた,76
04/20,18,村人A,4,美奈子,40
04/20,18,村人A,5,亜利沙,37
04/20,18,村人A,6,千鶴,36
04/20,18,村人A,7,未来,35
04/20,18,村人A,8,可奈,32
04/20,18,村人A,9,瑞希,30
04/20,18,村人A,10,志保,19
04/20,19,村人A,1,ロコ,1530
04/20,19,村人A,2,茜,85
04/20,19,村人A,3,ひなた,76
04/20,19,村人A,4,美奈子,40
04/20,19,村人A,5,亜利沙,37
04/20,19,村人A,6,千鶴,37
04/20,19,村人A,7,未来,35
04/20,19,村人A,8,可奈,32
04/20,19,村人A,9,瑞希,31
04/20,19,村人A,10,志保,19
04/20,20,村人A,1,ロコ,1548
04/20,20,村人A,2,茜,86
04/20,20,村人A,3,ひなた,76
04/20,20,村人A,4,美奈子,46
04/20,20,村人A,5,亜利沙,37
04/20,20,村人A,6,千鶴,37
04/20,20,村人A,7,未来,35
04/20,20,村人A,8,可奈,32
04/20,20,村人A,9,瑞希,32
04/20,20,村人A,10,志保,19
04/20,21,村人A,1,ロコ,1551
04/20,21,村人A,2,茜,87
04/20,21,村人A,3,ひなた,77
04/20,21,村人A,4,美奈子,47
04/20,21,村人A,5,亜利沙,37
04/20,21,村人A,6,千鶴,37
04/20,21,村人A,7,未来,35
04/20,21,村人A,8,可奈,34
04/20,21,村人A,9,瑞希,32
04/20,21,村人A,10,志保,19
04/20,22,村人A,1,ロコ,1567
04/20,22,村人A,2,茜,87
04/20,22,村人A,3,ひなた,77
04/20,22,村人A,4,美奈子,48
04/20,22,村人A,5,千鶴,38
04/20,22,村人A,6,亜利沙,37
04/20,22,村人A,7,未来,36
04/20,22,村人A,8,可奈,34
04/20,22,村人A,9,瑞希,32
04/20,22,村人A,10,志保,19
04/20,23,村人A,1,ロコ,1574
04/20,23,村人A,2,茜,87
04/20,23,村人A,3,ひなた,77
04/20,23,村人A,4,美奈子,48
04/20,23,村人A,5,亜利沙,40
04/20,23,村人A,6,千鶴,38
04/20,23,村人A,7,未来,36
04/20,23,村人A,8,可奈,34
04/20,23,村人A,9,瑞希,32
04/20,23,村人A,10,志保,19
04/21,0,村人A,1,ロコ,1597
04/21,0,村人A,2,茜,87
04/21,0,村人A,3,ひなた,79
04/21,0,村人A,4,美奈子,48
04/21,0,村人A,5,亜利沙,41
04/21,0,村人A,6,千鶴,38
04/21,0,村人A,7,未来,36
04/21,0,村人A,8,可奈,34
04/21,0,村人A,9,瑞希,32
04/21,0,村人A,10,志保,19
04/21,1,村人A,1,ロコ,1722
04/21,1,村人A,2,茜,98
04/21,1,村人A,3,ひなた,82
04/21,1,村人A,4,美奈子,49
04/21,1,村人A,5,千鶴,43
04/21,1,村人A,6,亜利沙,41
04/21,1,村人A,7,未来,36
04/21,1,村人A,8,可奈,36
04/21,1,村人A,9,瑞希,33
04/21,1,村人A,10,志保,22
04/21,2,村人A,1,ロコ,1769
04/21,2,村人A,2,茜,99
04/21,2,村人A,3,ひなた,83
04/21,2,村人A,4,美奈子,49
04/21,2,村人A,5,千鶴,43
04/21,2,村人A,6,亜利沙,42
04/21,2,村人A,7,未来,36
04/21,2,村人A,8,可奈,36
04/21,2,村人A,9,瑞希,33
04/21,2,村人A,10,志保,23
04/21,3,村人A,1,ロコ,1789
04/21,3,村人A,2,茜,100
04/21,3,村人A,3,ひなた,83
04/21,3,村人A,4,美奈子,52
04/21,3,村人A,5,千鶴,43
04/21,3,村人A,6,亜利沙,43
04/21,3,村人A,7,未来,36
04/21,3,村人A,8,可奈,36
04/21,3,村人A,9,瑞希,33
04/21,3,村人A,10,志保,24
04/21,4,村人A,1,ロコ,1803
04/21,4,村人A,2,茜,101
04/21,4,村人A,3,ひなた,83
04/21,4,村人A,4,美奈子,53
04/21,4,村人A,5,千鶴,43
04/21,4,村人A,6,亜利沙,43
04/21,4,村人A,7,未来,36
04/21,4,村人A,8,可奈,36
04/21,4,村人A,9,瑞希,33
04/21,4,村人A,10,志保,24
04/21,5,村人A,1,ロコ,1812
04/21,5,村人A,2,茜,101
04/21,5,村人A,3,ひなた,84
04/21,5,村人A,4,美奈子,53
04/21,5,村人A,5,亜利沙,44
04/21,5,村人A,6,千鶴,43
04/21,5,村人A,7,未来,36
04/21,5,村人A,8,可奈,36
04/21,5,村人A,9,瑞希,33
04/21,5,村人A,10,志保,24
04/21,6,村人A,1,ロコ,1820
04/21,6,村人A,2,茜,103
04/21,6,村人A,3,ひなた,84
04/21,6,村人A,4,美奈子,54
04/21,6,村人A,5,亜利沙,44
04/21,6,村人A,6,千鶴,43
04/21,6,村人A,7,未来,36
04/21,6,村人A,8,可奈,36
04/21,6,村人A,9,瑞希,33
04/21,6,村人A,10,志保,24
04/21,7,村人A,1,ロコ,1837
04/21,7,村人A,2,茜,104
04/21,7,村人A,3,ひなた,84
04/21,7,村人A,4,美奈子,55
04/21,7,村人A,5,亜利沙,44
04/21,7,村人A,6,千鶴,43
04/21,7,村人A,7,可奈,38
04/21,7,村人A,8,未来,37
04/21,7,村人A,9,瑞希,34
04/21,7,村人A,10,志保,24
04/21,8,村人A,1,ロコ,1858
04/21,8,村人A,2,茜,109
04/21,8,村人A,3,ひなた,85
04/21,8,村人A,4,美奈子,56
04/21,8,村人A,5,亜利沙,44
04/21,8,村人A,6,千鶴,43
04/21,8,村人A,7,可奈,40
04/21,8,村人A,8,未来,37
04/21,8,村人A,9,瑞希,34
04/21,8,村人A,10,志保,24
04/21,9,村人A,1,ロコ,1875
04/21,9,村人A,2,茜,110
04/21,9,村人A,3,ひなた,87
04/21,9,村人A,4,美奈子,60
04/21,9,村人A,5,亜利沙,44
04/21,9,村人A,6,千鶴,43
04/21,9,村人A,7,可奈,40
04/21,9,村人A,8,未来,37
04/21,9,村人A,9,瑞希,34
04/21,9,村人A,10,志保,24
04/21,10,村人A,1,ロコ,1886
04/21,10,村人A,2,茜,110
04/21,10,村人A,3,ひなた,88
04/21,10,村人A,4,美奈子,60
04/21,10,村人A,5,亜利沙,45
04/21,10,村人A,6,千鶴,43
04/21,10,村人A,7,可奈,40
04/21,10,村人A,8,未来,37
04/21,10,村人A,9,瑞希,34
04/21,10,村人A,10,志保,24
04/21,11,村人A,1,ロコ,1900
04/21,11,村人A,2,茜,110
04/21,11,村人A,3,ひなた,88
04/21,11,村人A,4,美奈子,60
04/21,11,村人A,5,亜利沙,45
04/21,11,村人A,6,千鶴,43
04/21,11,村人A,7,可奈,40
04/21,11,村人A,8,未来,37
04/21,11,村人A,9,瑞希,34
04/21,11,村人A,10,志保,24
04/21,12,村人A,1,ロコ,1912
04/21,12,村人A,2,茜,111
04/21,12,村人A,3,ひなた,88
04/21,12,村人A,4,美奈子,60
04/21,12,村人A,5,亜利沙,45
04/21,12,村人A,6,千鶴,44
04/21,12,村人A,7,可奈,40
04/21,12,村人A,8,未来,37
04/21,12,村人A,9,瑞希,34
04/21,12,村人A,10,志保,24
04/21,13,村人A,1,ロコ,1922
04/21,13,村人A,2,茜,111
04/21,13,村人A,3,ひなた,90
04/21,13,村人A,4,美奈子,60
04/21,13,村人A,5,亜利沙,47
04/21,13,村人A,6,千鶴,44
04/21,13,村人A,7,可奈,41
04/21,13,村人A,8,未来,38
04/21,13,村人A,9,瑞希,34
04/21,13,村人A,10,志保,24
04/21,14,村人A,1,ロコ,1928
04/21,14,村人A,2,茜,111
04/21,14,村人A,3,ひなた,90
04/21,14,村人A,4,美奈子,60
04/21,14,村人A,5,亜利沙,47
04/21,14,村人A,6,千鶴,44
04/21,14,村人A,7,可奈,41
04/21,14,村人A,8,未来,39
04/21,14,村人A,9,瑞希,34
04/21,14,村人A,10,志保,24
04/21,15,村人A,1,ロコ,1935
04/21,15,村人A,2,茜,113
04/21,15,村人A,3,ひなた,90
04/21,15,村人A,4,美奈子,60
04/21,15,村人A,5,亜利沙,47
04/21,15,村人A,6,千鶴,45
04/21,15,村人A,7,可奈,41
04/21,15,村人A,8,未来,40
04/21,15,村人A,9,瑞希,34
04/21,15,村人A,10,志保,24
04/21,16,村人A,1,ロコ,1943
04/21,16,村人A,2,茜,118
04/21,16,村人A,3,ひなた,90
04/21,16,村人A,4,美奈子,60
04/21,16,村人A,5,亜利沙,47
04/21,16,村人A,6,千鶴,46
04/21,16,村人A,7,可奈,41
04/21,16,村人A,8,未来,40
04/21,16,村人A,9,瑞希,34
04/21,16,村人A,10,志保,24
04/21,17,村人A,1,ロコ,1952
04/21,17,村人A,2,茜,118
04/21,17,村人A,3,ひなた,91
04/21,17,村人A,4,美奈子,60
04/21,17,村人A,5,亜利沙,47
04/21,17,村人A,6,千鶴,46
04/21,17,村人A,7,可奈,42
04/21,17,村人A,8,未来,40
04/21,17,村人A,9,瑞希,34
04/21,17,村人A,10,志保,24
04/21,18,村人A,1,ロコ,1969
04/21,18,村人A,2,茜,118
04/21,18,村人A,3,ひなた,91
04/21,18,村人A,4,美奈子,60
04/21,18,村人A,5,亜利沙,47
04/21,18,村人A,6,千鶴,46
04/21,18,村人A,7,可奈,42
04/21,18,村人A,8,未来,40
04/21,18,村人A,9,瑞希,34
04/21,18,村人A,10,志保,24
04/21,19,村人A,1,ロコ,1977
04/21,19,村人A,2,茜,118
04/21,19,村人A,3,ひなた,91
04/21,19,村人A,4,美奈子,60
04/21,19,村人A,5,亜利沙,47
04/21,19,村人A,6,千鶴,46
04/21,19,村人A,7,可奈,42
04/21,19,村人A,8,未来,40
04/21,19,村人A,9,瑞希,34
04/21,19,村人A,10,志保,24
04/21,20,村人A,1,ロコ,1999
04/21,20,村人A,2,茜,120
04/21,20,村人A,3,ひなた,91
04/21,20,村人A,4,美奈子,60
04/21,20,村人A,5,亜利沙,47
04/21,20,村人A,6,千鶴,46
04/21,20,村人A,7,可奈,43
04/21,20,村人A,8,未来,40
04/21,20,村人A,9,瑞希,34
04/21,20,村人A,10,志保,24
04/21,21,村人A,1,ロコ,2015
04/21,21,村人A,2,茜,129
04/21,21,村人A,3,ひなた,93
04/21,21,村人A,4,美奈子,61
04/21,21,村人A,5,亜利沙,47
04/21,21,村人A,6,千鶴,47
04/21,21,村人A,7,可奈,43
04/21,21,村人A,8,未来,41
04/21,21,村人A,9,瑞希,36
04/21,21,村人A,10,志保,24
04/21,22,村人A,1,ロコ,2037
04/21,22,村人A,2,茜,130
04/21,22,村人A,3,ひなた,94
04/21,22,村人A,4,美奈子,61
04/21,22,村人A,5,千鶴,49
04/21,22,村人A,6,亜利沙,47
04/21,22,村人A,7,可奈,44
04/21,22,村人A,8,未来,42
04/21,22,村人A,9,瑞希,36
04/21,22,村人A,10,志保,24
04/21,23,村人A,1,ロコ,2065
04/21,23,村人A,2,茜,130
04/21,23,村人A,3,ひなた,94
04/21,23,村人A,4,美奈子,61
04/21,23,村人A,5,千鶴,49
04/21,23,村人A,6,亜利沙,47
04/21,23,村人A,7,可奈,44
04/21,23,村人A,8,未来,43
04/21,23,村人A,9,瑞希,36
04/21,23,村人A,10,志保,24
04/22,0,村人A,1,ロコ,2079
04/22,0,村人A,2,茜,132
04/22,0,村人A,3,ひなた,95
04/22,0,村人A,4,美奈子,61
04/22,0,村人A,5,千鶴,49
04/22,0,村人A,6,未来,48
04/22,0,村人A,7,亜利沙,47
04/22,0,村人A,8,可奈,44
04/22,0,村人A,9,瑞希,36
04/22,0,村人A,10,志保,24
04/22,1,村人A,1,ロコ,2244
04/22,1,村人A,2,茜,137
04/22,1,村人A,3,ひなた,100
04/22,1,村人A,4,美奈子,62
04/22,1,村人A,5,未来,50
04/22,1,村人A,6,千鶴,49
04/22,1,村人A,7,亜利沙,47
04/22,1,村人A,8,可奈,45
04/22,1,村人A,9,瑞希,36
04/22,1,村人A,10,志保,30
04/22,2,村人A,1,ロコ,2286
04/22,2,村人A,2,茜,137
04/22,2,村人A,3,ひなた,100
04/22,2,村人A,4,美奈子,62
04/22,2,村人A,5,未来,50
04/22,2,村人A,6,千鶴,49
04/22,2,村人A,7,亜利沙,47
04/22,2,村人A,8,可奈,46
04/22,2,村人A,9,瑞希,36
04/22,2,村人A,10,志保,31
04/22,3,村人A,1,ロコ,2320
04/22,3,村人A,2,茜,138
04/22,3,村人A,3,ひなた,100
04/22,3,村人A,4,美奈子,64
04/22,3,村人A,5,未来,50
04/22,3,村人A,6,千鶴,50
04/22,3,村人A,7,亜利沙,48
04/22,3,村人A,8,可奈,46
04/22,3,村人A,9,瑞希,36
04/22,3,村人A,10,志保,31
04/22,4,村人A,1,ロコ,2329
04/22,4,村人A,2,茜,138
04/22,4,村人A,3,ひなた,100
04/22,4,村人A,4,美奈子,64
04/22,4,村人A,5,千鶴,51
04/22,4,村人A,6,未来,50
04/22,4,村人A,7,可奈,50
04/22,4,村人A,8,亜利沙,49
04/22,4,村人A,9,瑞希,36
04/22,4,村人A,10,志保,31
04/22,5,村人A,1,ロコ,2331
04/22,5,村人A,2,茜,138
04/22,5,村人A,3,ひなた,100
04/22,5,村人A,4,美奈子,64
04/22,5,村人A,5,千鶴,51
04/22,5,村人A,6,未来,50
04/22,5,村人A,7,可奈,50
04/22,5,村人A,8,亜利沙,49
04/22,5,村人A,9,瑞希,36
04/22,5,村人A,10,志保,31
04/22,6,村人A,1,ロコ,2335
04/22,6,村人A,2,茜,139
04/22,6,村人A,3,ひなた,101
04/22,6,村人A,4,美奈子,64
04/22,6,村人A,5,千鶴,53
04/22,6,村人A,6,未来,50
04/22,6,村人A,7,可奈,50
04/22,6,村人A,8,亜利沙,49
04/22,6,村人A,9,瑞希,37
04/22,6,村人A,10,志保,31
04/22,7,村人A,1,ロコ,2361
04/22,7,村人A,2,茜,139
04/22,7,村人A,3,ひなた,102
04/22,7,村人A,4,美奈子,64
04/22,7,村人A,5,千鶴,53
04/22,7,村人A,6,可奈,51
04/22,7,村人A,7,未来,50
04/22,7,村人A,8,亜利沙,49
04/22,7,村人A,9,志保,38
04/22,7,村人A,10,瑞希,37
04/22,8,村人A,1,ロコ,2393
04/22,8,村人A,2,茜,145
04/22,8,村人A,3,ひなた,103
04/22,8,村人A,4,美奈子,64
04/22,8,村人A,5,千鶴,55
04/22,8,村人A,6,可奈,52
04/22,8,村人A,7,未来,51
04/22,8,村人A,8,亜利沙,49
04/22,8,村人A,9,志保,38
04/22,8,村人A,10,瑞希,37
04/22,9,村人A,1,ロコ,2415
04/22,9,村人A,2,茜,147
04/22,9,村人A,3,ひなた,103
04/22,9,村人A,4,美奈子,65
04/22,9,村人A,5,可奈,56
04/22,9,村人A,6,亜利沙,56
04/22,9,村人A,7,千鶴,55
04/22,9,村人A,8,未来,51
04/22,9,村人A,9,志保,38
04/22,9,村人A,10,瑞希,37
04/22,10,村人A,1,ロコ,2434
04/22,10,村人A,2,茜,147
04/22,10,村人A,3,ひなた,106
04/22,10,村人A,4,美奈子,65
04/22,10,村人A,5,千鶴,61
04/22,10,村人A,6,可奈,57
04/22,10,村人A,7,亜利沙,56
04/22,10,村人A,8,未来,52
04/22,10,村人A,9,志保,38
04/22,10,村人A,10,瑞希,37
04/22,11,村人A,1,ロコ,2470
04/22,11,村人A,2,茜,147
04/22,11,村人A,3,ひなた,106
04/22,11,村人A,4,美奈子,65
04/22,11,村人A,5,千鶴,63
04/22,11,村人A,6,可奈,57
04/22,11,村人A,7,亜利沙,56
04/22,11,村人A,8,未来,52
04/22,11,村人A,9,志保,38
04/22,11,村人A,10,瑞希,37
04/22,12,村人A,1,ロコ,2490
04/22,12,村人A,2,茜,147
04/22,12,村人A,3,ひなた,108
04/22,12,村人A,4,美奈子,65
04/22,12,村人A,5,千鶴,63
04/22,12,村人A,6,可奈,58
04/22,12,村人A,7,亜利沙,57
04/22,12,村人A,8,未来,52
04/22,12,村人A,9,志保,38
04/22,12,村人A,10,瑞希,38
04/22,13,村人A,1,ロコ,2511
04/22,13,村人A,2,茜,147
04/22,13,村人A,3,ひなた,109
04/22,13,村人A,4,美奈子,65
04/22,13,村人A,5,千鶴,63
04/22,13,村人A,6,可奈,58
04/22,13,村人A,7,亜利沙,57
04/22,13,村人A,8,未来,52
04/22,13,村人A,9,志保,38
04/22,13,村人A,10,瑞希,38
04/22,14,村人A,1,ロコ,2518
04/22,14,村人A,2,茜,147
04/22,14,村人A,3,ひなた,109
04/22,14,村人A,4,美奈子,65
04/22,14,村人A,5,千鶴,63
04/22,14,村人A,6,可奈,58
04/22,14,村人A,7,亜利沙,57
04/22,14,村人A,8,未来,52
04/22,14,村人A,9,志保,38
04/22,14,村人A,10,瑞希,38
04/22,17,村人A,1,ロコ,2538
04/22,17,村人A,2,茜,147
04/22,17,村人A,3,ひなた,109
04/22,17,村人A,4,美奈子,66
04/22,17,村人A,5,千鶴,63
04/22,17,村人A,6,可奈,58
04/22,17,村人A,7,亜利沙,57
04/22,17,村人A,8,未来,52
04/22,17,村人A,9,志保,38
04/22,17,村人A,10,瑞希,38
04/22,18,村人A,1,ロコ,2714
04/22,18,村人A,2,茜,160
04/22,18,村人A,3,ひなた,121
04/22,18,村人A,4,美奈子,66
04/22,18,村人A,5,千鶴,65
04/22,18,村人A,6,可奈,58
04/22,18,村人A,7,亜利沙,57
04/22,18,村人A,8,未来,54
04/22,18,村人A,9,志保,38
04/22,18,村人A,10,瑞希,38
04/22,19,村人A,1,ロコ,3450
04/22,19,村人A,2,茜,162
04/22,19,村人A,3,ひなた,122
04/22,19,村人A,4,美奈子,66
04/22,19,村人A,5,千鶴,66
04/22,19,村人A,6,未来,59
04/22,19,村人A,7,可奈,58
04/22,19,村人A,8,亜利沙,58
04/22,19,村人A,9,志保,41
04/22,19,村人A,10,瑞希,39
04/22,20,村人A,1,ロコ,3916
04/22,20,村人A,2,茜,162
04/22,20,村人A,3,ひなた,122
04/22,20,村人A,4,美奈子,70
04/22,20,村人A,5,千鶴,68
04/22,20,村人A,6,未来,62
04/22,20,村人A,7,可奈,61
04/22,20,村人A,8,亜利沙,59
04/22,20,村人A,9,志保,47
04/22,20,村人A,10,瑞希,41
04/22,23,村人A,1,ロコ,4238
04/22,23,村人A,2,茜,163
04/22,23,村人A,3,ひなた,122
04/22,23,村人A,4,可奈,82
04/22,23,村人A,5,美奈子,71
04/22,23,村人A,6,千鶴,69
04/22,23,村人A,7,未来,63
04/22,23,村人A,8,亜利沙,60
04/22,23,村人A,9,志保,47
04/22,23,村人A,10,瑞希,41
04/23,0,村人A,1,ロコ,4756
04/23,0,村人A,2,茜,163
04/23,0,村人A,3,ひなた,129
04/23,0,村人A,4,志保,100
04/23,0,村人A,5,未来,86
04/23,0,村人A,6,可奈,83
04/23,0,村人A,7,千鶴,75
04/23,0,村人A,8,美奈子,72
04/23,0,村人A,9,亜利沙,66
04/23,0,村人A,10,瑞希,45
04/23,1,村人A,1,ロコ,5728
04/23,1,村人A,2,茜,196
04/23,1,村人A,3,ひなた,136
04/23,1,村人A,4,志保,103
04/23,1,村人A,5,未来,93
04/23,1,村人A,6,可奈,86
04/23,1,村人A,7,千鶴,76
04/23,1,村人A,8,美奈子,72
04/23,1,村人A,9,亜利沙,71
04/23,1,村人A,10,歩,52
04/23,2,村人A,1,ロコ,6217
04/23,2,村人A,2,茜,200
04/23,2,村人A,3,ひなた,145
04/23,2,村人A,4,志保,103
04/23,2,村人A,5,未来,95
04/23,2,村人A,6,可奈,87
04/23,2,村人A,7,千鶴,79
04/23,2,村人A,8,亜利沙,73
04/23,2,村人A,9,美奈子,72
04/23,2,村人A,10,歩,52
04/23,3,村人A,1,ロコ,6369
04/23,3,村人A,2,茜,201
04/23,3,村人A,3,ひなた,147
04/23,3,村人A,4,志保,104
04/23,3,村人A,5,未来,102
04/23,3,村人A,6,可奈,87
04/23,3,村人A,7,千鶴,80
04/23,3,村人A,8,美奈子,77
04/23,3,村人A,9,亜利沙,73
04/23,3,村人A,10,歩,52
04/23,4,村人A,1,ロコ,6632
04/23,4,村人A,2,茜,201
04/23,4,村人A,3,ひなた,150
04/23,4,村人A,4,志保,104
04/23,4,村人A,5,未来,104
04/23,4,村人A,6,可奈,90
04/23,4,村人A,7,千鶴,80
04/23,4,村人A,8,美奈子,78
04/23,4,村人A,9,亜利沙,73
04/23,4,村人A,10,歩,52
04/23,5,村人A,1,ロコ,6711
04/23,5,村人A,2,茜,201
04/23,5,村人A,3,ひなた,152
04/23,5,村人A,4,志保,104
04/23,5,村人A,5,未来,104
04/23,5,村人A,6,可奈,90
04/23,5,村人A,7,千鶴,80
04/23,5,村人A,8,美奈子,78
04/23,5,村人A,9,亜利沙,73
04/23,5,村人A,10,歩,52
04/23,6,村人A,1,ロコ,6753
04/23,6,村人A,2,茜,206
04/23,6,村人A,3,ひなた,153
04/23,6,村人A,4,未来,105
04/23,6,村人A,5,志保,104
04/23,6,村人A,6,可奈,91
04/23,6,村人A,7,千鶴,80
04/23,6,村人A,8,美奈子,78
04/23,6,村人A,9,亜利沙,74
04/23,6,村人A,10,歩,52
04/23,7,村人A,1,ロコ,7012
04/23,7,村人A,2,茜,207
04/23,7,村人A,3,ひなた,156
04/23,7,村人A,4,未来,106
04/23,7,村人A,5,志保,106
04/23,7,村人A,6,美奈子,101
04/23,7,村人A,7,可奈,92
04/23,7,村人A,8,千鶴,82
04/23,7,村人A,9,亜利沙,76
04/23,7,村人A,10,歩,52
04/23,8,村人A,1,ロコ,7228
04/23,8,村人A,2,茜,213
04/23,8,村人A,3,ひなた,157
04/23,8,村人A,4,未来,108
04/23,8,村人A,5,志保,106
04/23,8,村人A,6,美奈子,101
04/23,8,村人A,7,可奈,92
04/23,8,村人A,8,千鶴,87
04/23,8,村人A,9,亜利沙,76
04/23,8,村人A,10,歩,52
04/23,9,村人A,1,ロコ,7339
04/23,9,村人A,2,茜,213
04/23,9,村人A,3,ひなた,158
04/23,9,村人A,4,未来,110
04/23,9,村人A,5,志保,106
04/23,9,村人A,6,美奈子,101
04/23,9,村人A,7,可奈,92
04/23,9,村人A,8,千鶴,87
04/23,9,村人A,9,亜利沙,77
04/23,9,村人A,10,歩,52
04/23,10,村人A,1,ロコ,7481
04/23,10,村人A,2,茜,215
04/23,10,村人A,3,ひなた,164
04/23,10,村人A,4,未来,132
04/23,10,村人A,5,志保,108
04/23,10,村人A,6,美奈子,101
04/23,10,村人A,7,千鶴,98
04/23,10,村人A,8,可奈,93
04/23,10,村人A,9,亜利沙,79
04/23,10,村人A,10,歩,52
04/23,11,村人A,1,ロコ,7647
04/23,11,村人A,2,茜,217
04/23,11,村人A,3,未来,213
04/23,11,村人A,4,ひなた,168
04/23,11,村人A,5,志保,108
04/23,11,村人A,6,千鶴,106
04/23,11,村人A,7,美奈子,104
04/23,11,村人A,8,可奈,93
04/23,11,村人A,9,亜利沙,79
04/23,11,村人A,10,瑞希,54
04/23,12,村人A,1,ロコ,7943
04/23,12,村人A,2,茜,218
04/23,12,村人A,3,未来,215
04/23,12,村人A,4,ひなた,171
04/23,12,村人A,5,可奈,126
04/23,12,村人A,6,志保,108
04/23,12,村人A,7,千鶴,108
04/23,12,村人A,8,美奈子,107
04/23,12,村人A,9,亜利沙,82
04/23,12,村人A,10,瑞希,55
04/23,13,村人A,1,ロコ,8240
04/23,13,村人A,2,未来,221
04/23,13,村人A,3,茜,221
04/23,13,村人A,4,ひなた,173
04/23,13,村人A,5,可奈,142
04/23,13,村人A,6,千鶴,111
04/23,13,村人A,7,志保,108
04/23,13,村人A,8,美奈子,108
04/23,13,村人A,9,亜利沙,82
04/23,13,村人A,10,瑞希,55
04/23,14,村人A,1,ロコ,8467
04/23,14,村人A,2,茜,230
04/23,14,村人A,3,未来,230
04/23,14,村人A,4,ひなた,173
04/23,14,村人A,5,可奈,142
04/23,14,村人A,6,千鶴,111
04/23,14,村人A,7,志保,108
04/23,14,村人A,8,美奈子,108
04/23,14,村人A,9,麗花,103
04/23,14,村人A,10,亜利沙,82
04/23,15,村人A,1,ロコ,8576
04/23,15,村人A,2,未来,234
04/23,15,村人A,3,茜,230
04/23,15,村人A,4,ひなた,175
04/23,15,村人A,5,可奈,143
04/23,15,村人A,6,千鶴,121
04/23,15,村人A,7,美奈子,110
04/23,15,村人A,8,志保,108
04/23,15,村人A,9,麗花,103
04/23,15,村人A,10,亜利沙,82
04/23,16,村人A,1,ロコ,8751
04/23,16,村人A,2,茜,235
04/23,16,村人A,3,未来,234
04/23,16,村人A,4,ひなた,177
04/23,16,村人A,5,千鶴,174
04/23,16,村人A,6,可奈,143
04/23,16,村人A,7,美奈子,114
04/23,16,村人A,8,志保,108
04/23,16,村人A,9,麗花,103
04/23,16,村人A,10,亜利沙,82
04/23,17,村人A,1,ロコ,9068
04/23,17,村人A,2,未来,251
04/23,17,村人A,3,茜,235
04/23,17,村人A,4,千鶴,180
04/23,17,村人A,5,ひなた,178
04/23,17,村人A,6,可奈,143
04/23,17,村人A,7,美奈子,116
04/23,17,村人A,8,志保,108
04/23,17,村人A,9,麗花,103
04/23,17,村人A,10,亜利沙,82
04/23,18,村人A,1,ロコ,9128
04/23,18,村人A,2,茜,295
04/23,18,村人A,3,未来,260
04/23,18,村人A,4,千鶴,180
04/23,18,村人A,5,ひなた,180
04/23,18,村人A,6,可奈,143
04/23,18,村人A,7,志保,133
04/23,18,村人A,8,美奈子,117
04/23,18,村人A,9,麗花,103
04/23,18,村人A,10,亜利沙,82
04/23,19,村人A,1,ロコ,9288
04/23,19,村人A,2,茜,295
04/23,19,村人A,3,未来,262
04/23,19,村人A,4,ひなた,182
04/23,19,村人A,5,千鶴,180
04/23,19,村人A,6,志保,176
04/23,19,村人A,7,可奈,143
04/23,19,村人A,8,美奈子,119
04/23,19,村人A,9,麗花,103
04/23,19,村人A,10,亜利沙,82
04/23,20,村人A,1,ロコ,9407
04/23,20,村人A,2,茜,296
04/23,20,村人A,3,未来,265
04/23,20,村人A,4,ひなた,186
04/23,20,村人A,5,志保,183
04/23,20,村人A,6,千鶴,180
04/23,20,村人A,7,可奈,143
04/23,20,村人A,8,美奈子,119
04/23,20,村人A,9,麗花,104
04/23,20,村人A,10,亜利沙,85
04/23,21,村人A,1,ロコ,9582
04/23,21,村人A,2,茜,298
04/23,21,村人A,3,未来,271
04/23,21,村人A,4,ひなた,193
04/23,21,村人A,5,志保,184
04/23,21,村人A,6,千鶴,180
04/23,21,村人A,7,可奈,153
04/23,21,村人A,8,美奈子,119
04/23,21,村人A,9,麗花,107
04/23,21,村人A,10,亜利沙,86
04/23,22,村人A,1,ロコ,9707
04/23,22,村人A,2,茜,309
04/23,22,村人A,3,未来,276
04/23,22,村人A,4,志保,238
04/23,22,村人A,5,ひなた,205
04/23,22,村人A,6,千鶴,182
04/23,22,村人A,7,可奈,153
04/23,22,村人A,8,美奈子,119
04/23,22,村人A,9,麗花,107
04/23,22,村人A,10,亜利沙,86
04/23,23,村人A,1,ロコ,9772
04/23,23,村人A,2,茜,312
04/23,23,村人A,3,未来,280
04/23,23,村人A,4,志保,238
04/23,23,村人A,5,ひなた,206
04/23,23,村人A,6,美奈子,198
04/23,23,村人A,7,千鶴,182
04/23,23,村人A,8,可奈,154
04/23,23,村人A,9,麗花,107
04/23,23,村人A,10,亜利沙,87
04/24,0,村人A,1,ロコ,10013
04/24,0,村人A,2,茜,315
04/24,0,村人A,3,未来,287
04/24,0,村人A,4,志保,239
04/24,0,村人A,5,ひなた,207
04/24,0,村人A,6,美奈子,204
04/24,0,村人A,7,千鶴,182
04/24,0,村人A,8,可奈,155
04/24,0,村人A,9,麗花,107
04/24,0,村人A,10,亜利沙,87
04/24,1,村人A,1,ロコ,10135
04/24,1,村人A,2,茜,319
04/24,1,村人A,3,未来,293
04/24,1,村人A,4,志保,243
04/24,1,村人A,5,美奈子,211
04/24,1,村人A,6,ひなた,210
04/24,1,村人A,7,千鶴,187
04/24,1,村人A,8,可奈,160
04/24,1,村人A,9,麗花,109
04/24,1,村人A,10,亜利沙,89
04/24,2,村人A,1,ロコ,10423
04/24,2,村人A,2,茜,324
04/24,2,村人A,3,未来,300
04/24,2,村人A,4,志保,270
04/24,2,村人A,5,美奈子,215
04/24,2,村人A,6,ひなた,211
04/24,2,村人A,7,千鶴,189
04/24,2,村人A,8,可奈,161
04/24,2,村人A,9,麗花,110
04/24,2,村人A,10,亜利沙,90
04/24,3,村人A,1,ロコ,10484
04/24,3,村人A,2,茜,326
04/24,3,村人A,3,未来,300
04/24,3,村人A,4,志保,270
04/24,3,村人A,5,美奈子,216
04/24,3,村人A,6,ひなた,211
04/24,3,村人A,7,千鶴,189
04/24,3,村人A,8,可奈,161
04/24,3,村人A,9,麗花,110
04/24,3,村人A,10,亜利沙,90
04/24,4,村人A,1,ロコ,10509
04/24,4,村人A,2,茜,326
04/24,4,村人A,3,未来,301
04/24,4,村人A,4,志保,270
04/24,4,村人A,5,美奈子,224
04/24,4,村人A,6,ひなた,213
04/24,4,村人A,7,千鶴,189
04/24,4,村人A,8,可奈,161
04/24,4,村人A,9,麗花,110
04/24,4,村人A,10,亜利沙,90
04/24,5,村人A,1,ロコ,10549
04/24,5,村人A,2,茜,327
04/24,5,村人A,3,未来,304
04/24,5,村人A,4,志保,270
04/24,5,村人A,5,美奈子,224
04/24,5,村人A,6,ひなた,215
04/24,5,村人A,7,千鶴,189
04/24,5,村人A,8,可奈,162
04/24,5,村人A,9,麗花,111
04/24,5,村人A,10,亜利沙,91
04/24,6,村人A,1,ロコ,10575
04/24,6,村人A,2,茜,327
04/24,6,村人A,3,未来,304
04/24,6,村人A,4,志保,270
04/24,6,村人A,5,美奈子,226
04/24,6,村人A,6,ひなた,216
04/24,6,村人A,7,千鶴,189
04/24,6,村人A,8,可奈,162
04/24,6,村人A,9,麗花,111
04/24,6,村人A,10,亜利沙,92
04/24,7,村人A,1,ロコ,10599
04/24,7,村人A,2,茜,328
04/24,7,村人A,3,未来,305
04/24,7,村人A,4,志保,270
04/24,7,村人A,5,美奈子,226
04/24,7,村人A,6,ひなた,221
04/24,7,村人A,7,千鶴,189
04/24,7,村人A,8,可奈,164
04/24,7,村人A,9,麗花,111
04/24,7,村人A,10,亜利沙,92
04/24,8,村人A,1,ロコ,10629
04/24,8,村人A,2,茜,329
04/24,8,村人A,3,未来,307
04/24,8,村人A,4,志保,270
04/24,8,村人A,5,ひなた,232
04/24,8,村人A,6,美奈子,226
04/24,8,村人A,7,千鶴,189
04/24,8,村人A,8,可奈,165
04/24,8,村人A,9,麗花,111
04/24,8,村人A,10,亜利沙,92
04/24,9,村人A,1,ロコ,10712
04/24,9,村人A,2,茜,330
04/24,9,村人A,3,未来,307
04/24,9,村人A,4,志保,270
04/24,9,村人A,5,ひなた,234
04/24,9,村人A,6,美奈子,227
04/24,9,村人A,7,千鶴,190
04/24,9,村人A,8,可奈,165
04/24,9,村人A,9,麗花,111
04/24,9,村人A,10,亜利沙,93
04/24,10,村人A,1,ロコ,10846
04/24,10,村人A,2,茜,360
04/24,10,村人A,3,未来,312
04/24,10,村人A,4,志保,270
04/24,10,村人A,5,ひなた,236
04/24,10,村人A,6,美奈子,227
04/24,10,村人A,7,千鶴,190
04/24,10,村人A,8,可奈,166
04/24,10,村人A,9,麗花,111
04/24,10,村人A,10,亜利沙,94
04/24,11,村人A,1,ロコ,10907
04/24,11,村人A,2,茜,397
04/24,11,村人A,3,未来,313
04/24,11,村人A,4,志保,270
04/24,11,村人A,5,ひなた,239
04/24,11,村人A,6,美奈子,232
04/24,11,村人A,7,千鶴,191
04/24,11,村人A,8,可奈,166
04/24,11,村人A,9,麗花,111
04/24,11,村人A,10,亜利沙,95
04/24,12,村人A,1,ロコ,11081
04/24,12,村人A,2,茜,399
04/24,12,村人A,3,未来,314
04/24,12,村人A,4,志保,271
04/24,12,村人A,5,ひなた,239
04/24,12,村人A,6,美奈子,234
04/24,12,村人A,7,千鶴,191
04/24,12,村人A,8,可奈,166
04/24,12,村人A,9,亜利沙,124
04/24,12,村人A,10,麗花,111
04/24,13,村人A,1,ロコ,11149
04/24,13,村人A,2,茜,409
04/24,13,村人A,3,未来,316
04/24,13,村人A,4,志保,271
04/24,13,村人A,5,ひなた,239
04/24,13,村人A,6,美奈子,235
04/24,13,村人A,7,千鶴,193
04/24,13,村人A,8,可奈,167
04/24,13,村人A,9,亜利沙,124
04/24,13,村人A,10,麗花,112
04/24,14,村人A,1,ロコ,11329
04/24,14,村人A,2,茜,413
04/24,14,村人A,3,未来,317
04/24,14,村人A,4,志保,271
04/24,14,村人A,5,ひなた,240
04/24,14,村人A,6,美奈子,235
04/24,14,村人A,7,千鶴,193
04/24,14,村人A,8,可奈,167
04/24,14,村人A,9,亜利沙,127
04/24,14,村人A,10,麗花,112
04/24,15,村人A,1,ロコ,11387
04/24,15,村人A,2,茜,413
04/24,15,村人A,3,未来,332
04/24,15,村人A,4,志保,271
04/24,15,村人A,5,ひなた,251
04/24,15,村人A,6,美奈子,236
04/24,15,村人A,7,千鶴,194
04/24,15,村人A,8,可奈,167
04/24,15,村人A,9,亜利沙,127
04/24,15,村人A,10,麗花,113
04/24,16,村人A,1,ロコ,11529
04/24,16,村人A,2,茜,413
04/24,16,村人A,3,未来,338
04/24,16,村人A,4,志保,271
04/24,16,村人A,5,ひなた,252
04/24,16,村人A,6,美奈子,236
04/24,16,村人A,7,千鶴,194
04/24,16,村人A,8,可奈,169
04/24,16,村人A,9,亜利沙,127
04/24,16,村人A,10,麗花,113
04/24,17,村人A,1,ロコ,11562
04/24,17,村人A,2,茜,413
04/24,17,村人A,3,未来,339
04/24,17,村人A,4,志保,273
04/24,17,村人A,5,ひなた,257
04/24,17,村人A,6,美奈子,236
04/24,17,村人A,7,千鶴,194
04/24,17,村人A,8,可奈,169
04/24,17,村人A,9,亜利沙,128
04/24,17,村人A,10,麗花,113
04/24,18,村人A,1,ロコ,11574
04/24,18,村人A,2,茜,413
04/24,18,村人A,3,未来,341
04/24,18,村人A,4,志保,273
04/24,18,村人A,5,ひなた,258
04/24,18,村人A,6,美奈子,238
04/24,18,村人A,7,千鶴,194
04/24,18,村人A,8,可奈,169
04/24,18,村人A,9,亜利沙,133
04/24,18,村人A,10,麗花,113
04/24,19,村人A,1,ロコ,11664
04/24,19,村人A,2,茜,414
04/24,19,村人A,3,未来,342
04/24,19,村人A,4,志保,273
04/24,19,村人A,5,ひなた,259
04/24,19,村人A,6,美奈子,240
04/24,19,村人A,7,千鶴,194
04/24,19,村人A,8,可奈,169
04/24,19,村人A,9,亜利沙,133
04/24,19,村人A,10,麗花,114
04/24,20,村人A,1,ロコ,11750
04/24,20,村人A,2,茜,414
04/24,20,村人A,3,未来,343
04/24,20,村人A,4,志保,274
04/24,20,村人A,5,ひなた,271
04/24,20,村人A,6,美奈子,241
04/24,20,村人A,7,千鶴,201
04/24,20,村人A,8,可奈,171
04/24,20,村人A,9,亜利沙,133
04/24,20,村人A,10,麗花,114
04/24,21,村人A,1,ロコ,11769
04/24,21,村人A,2,茜,431
04/24,21,村人A,3,未来,344
04/24,21,村人A,4,志保,301
04/24,21,村人A,5,ひなた,272
04/24,21,村人A,6,美奈子,242
04/24,21,村人A,7,千鶴,201
04/24,21,村人A,8,可奈,172
04/24,21,村人A,9,亜利沙,135
04/24,21,村人A,10,麗花,115
04/24,22,村人A,1,ロコ,11800
04/24,22,村人A,2,茜,446
04/24,22,村人A,3,未来,345
04/24,22,村人A,4,志保,330
04/24,22,村人A,5,ひなた,274
04/24,22,村人A,6,美奈子,243
04/24,22,村人A,7,千鶴,201
04/24,22,村人A,8,可奈,173
04/24,22,村人A,9,亜利沙,137
04/24,22,村人A,10,麗花,115
04/24,23,村人A,1,ロコ,11881
04/24,23,村人A,2,茜,458
04/24,23,村人A,3,未来,346
04/24,23,村人A,4,志保,330
04/24,23,村人A,5,ひなた,285
04/24,23,村人A,6,美奈子,244
04/24,23,村人A,7,千鶴,201
04/24,23,村人A,8,可奈,174
04/24,23,村人A,9,亜利沙,137
04/24,23,村人A,10,麗花,115
04/25,0,村人A,1,ロコ,11932
04/25,0,村人A,2,茜,463
04/25,0,村人A,3,未来,348
04/25,0,村人A,4,志保,331
04/25,0,村人A,5,ひなた,287
04/25,0,村人A,6,美奈子,247
04/25,0,村人A,7,千鶴,202
04/25,0,村人A,8,可奈,174
04/25,0,村人A,9,亜利沙,138
04/25,0,村人A,10,麗花,115
04/25,1,村人A,1,ロコ,12164
04/25,1,村人A,2,茜,496
04/25,1,村人A,3,未来,349
04/25,1,村人A,4,志保,331
04/25,1,村人A,5,ひなた,298
04/25,1,村人A,6,美奈子,247
04/25,1,村人A,7,千鶴,202
04/25,1,村人A,8,可奈,175
04/25,1,村人A,9,亜利沙,141
04/25,1,村人A,10,麗花,116
04/25,3,村人A,1,ロコ,12230
04/25,3,村人A,2,茜,498
04/25,3,村人A,3,未来,358
04/25,3,村人A,4,志保,331
04/25,3,村人A,5,ひなた,300
04/25,3,村人A,6,美奈子,250
04/25,3,村人A,7,千鶴,202
04/25,3,村人A,8,可奈,176
04/25,3,村人A,9,亜利沙,141
04/25,3,村人A,10,麗花,116
04/25,4,村人A,1,ロコ,12249
04/25,4,村人A,2,茜,586
04/25,4,村人A,3,未来,359
04/25,4,村人A,4,志保,331
04/25,4,村人A,5,ひなた,301
04/25,4,村人A,6,美奈子,250
04/25,4,村人A,7,千鶴,210
04/25,4,村人A,8,可奈,179
04/25,4,村人A,9,亜利沙,141
04/25,4,村人A,10,麗花,116
04/25,5,村人A,1,ロコ,12257
04/25,5,村人A,2,茜,586
04/25,5,村人A,3,未来,359
04/25,5,村人A,4,志保,331
04/25,5,村人A,5,ひなた,311
04/25,5,村人A,6,美奈子,250
04/25,5,村人A,7,千鶴,210
04/25,5,村人A,8,可奈,179
04/25,5,村人A,9,亜利沙,141
04/25,5,村人A,10,麗花,116
04/25,6,村人A,1,ロコ,12290
04/25,6,村人A,2,茜,586
04/25,6,村人A,3,未来,360
04/25,6,村人A,4,志保,331
04/25,6,村人A,5,ひなた,311
04/25,6,村人A,6,美奈子,250
04/25,6,村人A,7,千鶴,210
04/25,6,村人A,8,可奈,179
04/25,6,村人A,9,亜利沙,141
04/25,6,村人A,10,麗花,116
04/25,7,村人A,1,ロコ,12327
04/25,7,村人A,2,茜,587
04/25,7,村人A,3,未来,366
04/25,7,村人A,4,志保,331
04/25,7,村人A,5,ひなた,312
04/25,7,村人A,6,美奈子,250
04/25,7,村人A,7,千鶴,210
04/25,7,村人A,8,可奈,179
04/25,7,村人A,9,亜利沙,142
04/25,7,村人A,10,麗花,116
04/25,8,村人A,1,ロコ,12352
04/25,8,村人A,2,茜,597
04/25,8,村人A,3,未来,372
04/25,8,村人A,4,志保,331
04/25,8,村人A,5,ひなた,316
04/25,8,村人A,6,美奈子,250
04/25,8,村人A,7,千鶴,213
04/25,8,村人A,8,可奈,179
04/25,8,村人A,9,亜利沙,142
04/25,8,村人A,10,麗花,117
04/25,9,村人A,1,ロコ,12384
04/25,9,村人A,2,茜,598
04/25,9,村人A,3,未来,375
04/25,9,村人A,4,志保,332
04/25,9,村人A,5,ひなた,318
04/25,9,村人A,6,美奈子,250
04/25,9,村人A,7,千鶴,219
04/25,9,村人A,8,可奈,179
04/25,9,村人A,9,亜利沙,143
04/25,9,村人A,10,麗花,117
04/25,10,村人A,1,ロコ,12391
04/25,10,村人A,2,茜,598
04/25,10,村人A,3,未来,377
04/25,10,村人A,4,志保,332
04/25,10,村人A,5,ひなた,320
04/25,10,村人A,6,美奈子,250
04/25,10,村人A,7,千鶴,220
04/25,10,村人A,8,可奈,179
04/25,10,村人A,9,亜利沙,143
04/25,10,村人A,10,麗花,117
04/25,11,村人A,1,ロコ,12400
04/25,11,村人A,2,茜,598
04/25,11,村人A,3,未来,383
04/25,11,村人A,4,志保,332
04/25,11,村人A,5,ひなた,322
04/25,11,村人A,6,美奈子,253
04/25,11,村人A,7,千鶴,220
04/25,11,村人A,8,可奈,181
04/25,11,村人A,9,亜利沙,143
04/25,11,村人A,10,麗花,117
04/25,12,村人A,1,ロコ,12471
04/25,12,村人A,2,茜,599
04/25,12,村人A,3,未来,384
04/25,12,村人A,4,志保,332
04/25,12,村人A,5,ひなた,323
04/25,12,村人A,6,美奈子,254
04/25,12,村人A,7,千鶴,220
04/25,12,村人A,8,可奈,181
04/25,12,村人A,9,亜利沙,143
04/25,12,村人A,10,麗花,117
04/25,13,村人A,1,ロコ,12505
04/25,13,村人A,2,茜,601
04/25,13,村人A,3,未来,386
04/25,13,村人A,4,志保,334
04/25,13,村人A,5,ひなた,325
04/25,13,村人A,6,美奈子,256
04/25,13,村人A,7,千鶴,220
04/25,13,村人A,8,可奈,181
04/25,13,村人A,9,亜利沙,143
04/25,13,村人A,10,麗花,117
04/25,14,村人A,1,ロコ,12543
04/25,14,村人A,2,茜,603
04/25,14,村人A,3,未来,392
04/25,14,村人A,4,志保,340
04/25,14,村人A,5,ひなた,326
04/25,14,村人A,6,美奈子,257
04/25,14,村人A,7,千鶴,220
04/25,14,村人A,8,可奈,182
04/25,14,村人A,9,亜利沙,143
04/25,14,村人A,10,麗花,117
04/25,15,村人A,1,ロコ,12560
04/25,15,村人A,2,茜,610
04/25,15,村人A,3,未来,394
04/25,15,村人A,4,志保,340
04/25,15,村人A,5,ひなた,327
04/25,15,村人A,6,美奈子,257
04/25,15,村人A,7,千鶴,220
04/25,15,村人A,8,可奈,183
04/25,15,村人A,9,亜利沙,143
04/25,15,村人A,10,麗花,117
04/25,16,村人A,1,ロコ,12565
04/25,16,村人A,2,茜,610
04/25,16,村人A,3,未来,394
04/25,16,村人A,4,志保,340
04/25,16,村人A,5,ひなた,327
04/25,16,村人A,6,美奈子,257
04/25,16,村人A,7,千鶴,220
04/25,16,村人A,8,可奈,183
04/25,16,村人A,9,亜利沙,143
04/25,16,村人A,10,麗花,117
04/25,17,村人A,1,ロコ,12585
04/25,17,村人A,2,茜,610
04/25,17,村人A,3,未来,396
04/25,17,村人A,4,志保,340
04/25,17,村人A,5,ひなた,328
04/25,17,村人A,6,美奈子,259
04/25,17,村人A,7,千鶴,220
04/25,17,村人A,8,可奈,183
04/25,17,村人A,9,亜利沙,143
04/25,17,村人A,10,麗花,117
04/25,18,村人A,1,ロコ,12739
04/25,18,村人A,2,茜,610
04/25,18,村人A,3,未来,396
04/25,18,村人A,4,志保,340
04/25,18,村人A,5,ひなた,329
04/25,18,村人A,6,美奈子,260
04/25,18,村人A,7,千鶴,220
04/25,18,村人A,8,可奈,183
04/25,18,村人A,9,亜利沙,155
04/25,18,村人A,10,麗花,117
04/25,19,村人A,1,ロコ,12780
04/25,19,村人A,2,茜,610
04/25,19,村人A,3,未来,396
04/25,19,村人A,4,志保,340
04/25,19,村人A,5,ひなた,329
04/25,19,村人A,6,美奈子,261
04/25,19,村人A,7,千鶴,220
04/25,19,村人A,8,可奈,193
04/25,19,村人A,9,亜利沙,155
04/25,19,村人A,10,麗花,117
04/25,20,村人A,1,ロコ,12812
04/25,20,村人A,2,茜,610
04/25,20,村人A,3,未来,396
04/25,20,村人A,4,志保,340
04/25,20,村人A,5,ひなた,329
04/25,20,村人A,6,美奈子,262
04/25,20,村人A,7,千鶴,220
04/25,20,村人A,8,可奈,193
04/25,20,村人A,9,亜利沙,155
04/25,20,村人A,10,麗花,117
04/25,21,村人A,1,ロコ,12830
04/25,21,村人A,2,茜,613
04/25,21,村人A,3,未来,396
04/25,21,村人A,4,志保,340
04/25,21,村人A,5,ひなた,331
04/25,21,村人A,6,美奈子,263
04/25,21,村人A,7,千鶴,220
04/25,21,村人A,8,可奈,193
04/25,21,村人A,9,亜利沙,156
04/25,21,村人A,10,麗花,118
04/25,22,村人A,1,ロコ,12835
04/25,22,村人A,2,茜,619
04/25,22,村人A,3,未来,397
04/25,22,村人A,4,志保,340
04/25,22,村人A,5,ひなた,332
04/25,22,村人A,6,美奈子,263
04/25,22,村人A,7,千鶴,220
04/25,22,村人A,8,可奈,194
04/25,22,村人A,9,亜利沙,156
04/25,22,村人A,10,麗花,118
04/25,23,村人A,1,ロコ,12947
04/25,23,村人A,2,茜,620
04/25,23,村人A,3,未来,397
04/25,23,村人A,4,志保,340
04/25,23,村人A,5,ひなた,332
04/25,23,村人A,6,美奈子,263
04/25,23,村人A,7,千鶴,220
04/25,23,村人A,8,可奈,194
04/25,23,村人A,9,亜利沙,158
04/25,23,村人A,10,麗花,118
04/26,0,村人A,1,ロコ,12983
04/26,0,村人A,2,茜,624
04/26,0,村人A,3,未来,397
04/26,0,村人A,4,志保,340
04/26,0,村人A,5,ひなた,334
04/26,0,村人A,6,美奈子,263
04/26,0,村人A,7,千鶴,221
04/26,0,村人A,8,可奈,196
04/26,0,村人A,9,亜利沙,158
04/26,0,村人A,10,麗花,118
04/26,1,村人A,1,ロコ,13063
04/26,1,村人A,2,茜,626
04/26,1,村人A,3,未来,397
04/26,1,村人A,4,ひなた,346
04/26,1,村人A,5,志保,340
04/26,1,村人A,6,美奈子,264
04/26,1,村人A,7,千鶴,221
04/26,1,村人A,8,可奈,196
04/26,1,村人A,9,亜利沙,158
04/26,1,村人A,10,麗花,121
04/26,2,村人A,1,ロコ,13123
04/26,2,村人A,2,茜,635
04/26,2,村人A,3,未来,397
04/26,2,村人A,4,ひなた,350
04/26,2,村人A,5,志保,340
04/26,2,村人A,6,美奈子,264
04/26,2,村人A,7,千鶴,221
04/26,2,村人A,8,可奈,196
04/26,2,村人A,9,亜利沙,158
04/26,2,村人A,10,麗花,121
04/26,3,村人A,1,ロコ,13136
04/26,3,村人A,2,茜,680
04/26,3,村人A,3,未来,398
04/26,3,村人A,4,ひなた,350
04/26,3,村人A,5,志保,340
04/26,3,村人A,6,美奈子,264
04/26,3,村人A,7,千鶴,221
04/26,3,村人A,8,可奈,196
04/26,3,村人A,9,亜利沙,159
04/26,3,村人A,10,麗花,121
04/26,4,村人A,1,ロコ,13203
04/26,4,村人A,2,茜,690
04/26,4,村人A,3,未来,398
04/26,4,村人A,4,ひなた,350
04/26,4,村人A,5,志保,340
04/26,4,村人A,6,美奈子,264
04/26,4,村人A,7,千鶴,221
04/26,4,村人A,8,可奈,196
04/26,4,村人A,9,亜利沙,162
04/26,4,村人A,10,麗花,122
04/26,5,村人A,1,ロコ,13278
04/26,5,村人A,2,茜,690
04/26,5,村人A,3,未来,398
04/26,5,村人A,4,ひなた,350
04/26,5,村人A,5,志保,340
04/26,5,村人A,6,美奈子,264
04/26,5,村人A,7,千鶴,221
04/26,5,村人A,8,可奈,197
04/26,5,村人A,9,亜利沙,162
04/26,5,村人A,10,麗花,122
04/26,6,村人A,1,ロコ,13280
04/26,6,村人A,2,茜,690
04/26,6,村人A,3,未来,398
04/26,6,村人A,4,ひなた,350
04/26,6,村人A,5,志保,340
04/26,6,村人A,6,美奈子,264
04/26,6,村人A,7,千鶴,222
04/26,6,村人A,8,可奈,197
04/26,6,村人A,9,亜利沙,162
04/26,6,村人A,10,麗花,122
04/26,7,村人A,1,ロコ,13294
04/26,7,村人A,2,茜,692
04/26,7,村人A,3,未来,399
04/26,7,村人A,4,ひなた,350
04/26,7,村人A,5,志保,340
04/26,7,村人A,6,美奈子,264
04/26,7,村人A,7,千鶴,222
04/26,7,村人A,8,可奈,197
04/26,7,村人A,9,亜利沙,162
04/26,7,村人A,10,麗花,122
04/26,8,村人A,1,ロコ,13332
04/26,8,村人A,2,茜,692
04/26,8,村人A,3,未来,400
04/26,8,村人A,4,ひなた,365
04/26,8,村人A,5,志保,340
04/26,8,村人A,6,美奈子,265
04/26,8,村人A,7,千鶴,222
04/26,8,村人A,8,可奈,198
04/26,8,村人A,9,亜利沙,162
04/26,8,村人A,10,麗花,123
04/26,9,村人A,1,ロコ,13344
04/26,9,村人A,2,茜,694
04/26,9,村人A,3,未来,401
04/26,9,村人A,4,ひなた,370
04/26,9,村人A,5,志保,340
04/26,9,村人A,6,美奈子,265
04/26,9,村人A,7,千鶴,222
04/26,9,村人A,8,可奈,199
04/26,9,村人A,9,亜利沙,162
04/26,9,村人A,10,麗花,123
04/26,10,村人A,1,ロコ,13345
04/26,10,村人A,2,茜,695
04/26,10,村人A,3,未来,401
04/26,10,村人A,4,ひなた,370
04/26,10,村人A,5,志保,340
04/26,10,村人A,6,美奈子,267
04/26,10,村人A,7,千鶴,223
04/26,10,村人A,8,可奈,199
04/26,10,村人A,9,亜利沙,162
04/26,10,村人A,10,麗花,123
04/26,11,村人A,1,ロコ,13354
04/26,11,村人A,2,茜,726
04/26,11,村人A,3,未来,404
04/26,11,村人A,4,ひなた,388
04/26,11,村人A,5,志保,340
04/26,11,村人A,6,美奈子,267
04/26,11,村人A,7,千鶴,223
04/26,11,村人A,8,可奈,199
04/26,11,村人A,9,亜利沙,162
04/26,11,村人A,10,麗花,124
04/26,12,村人A,1,ロコ,13381
04/26,12,村人A,2,茜,726
04/26,12,村人A,3,未来,406
04/26,12,村人A,4,ひなた,389
04/26,12,村人A,5,志保,340
04/26,12,村人A,6,美奈子,267
04/26,12,村人A,7,千鶴,223
04/26,12,村人A,8,可奈,199
04/26,12,村人A,9,亜利沙,163
04/26,12,村人A,10,麗花,124
04/26,13,村人A,1,ロコ,13395
04/26,13,村人A,2,茜,728
04/26,13,村人A,3,未来,406
04/26,13,村人A,4,ひなた,390
04/26,13,村人A,5,志保,341
04/26,13,村人A,6,美奈子,267
04/26,13,村人A,7,千鶴,223
04/26,13,村人A,8,可奈,199
04/26,13,村人A,9,亜利沙,163
04/26,13,村人A,10,麗花,124
04/26,14,村人A,1,ロコ,13409
04/26,14,村人A,2,茜,728
04/26,14,村人A,3,未来,406
04/26,14,村人A,4,ひなた,390
04/26,14,村人A,5,志保,341
04/26,14,村人A,6,美奈子,267
04/26,14,村人A,7,千鶴,223
04/26,14,村人A,8,可奈,199
04/26,14,村人A,9,亜利沙,163
04/26,14,村人A,10,麗花,124
04/26,15,村人A,1,ロコ,13421
04/26,15,村人A,2,茜,728
04/26,15,村人A,3,未来,406
04/26,15,村人A,4,ひなた,390
04/26,15,村人A,5,志保,341
04/26,15,村人A,6,美奈子,267
04/26,15,村人A,7,千鶴,223
04/26,15,村人A,8,可奈,199
04/26,15,村人A,9,亜利沙,163
04/26,15,村人A,10,麗花,124
04/26,16,村人A,1,ロコ,13425
04/26,16,村人A,2,茜,728
04/26,16,村人A,3,未来,409
04/26,16,村人A,4,ひなた,394
04/26,16,村人A,5,志保,341
04/26,16,村人A,6,美奈子,268
04/26,16,村人A,7,千鶴,223
04/26,16,村人A,8,可奈,199
04/26,16,村人A,9,亜利沙,163
04/26,16,村人A,10,麗花,124
04/26,17,村人A,1,ロコ,13496
04/26,17,村人A,2,茜,729
04/26,17,村人A,3,未来,409
04/26,17,村人A,4,ひなた,395
04/26,17,村人A,5,志保,341
04/26,17,村人A,6,美奈子,268
04/26,17,村人A,7,千鶴,223
04/26,17,村人A,8,可奈,199
04/26,17,村人A,9,亜利沙,163
04/26,17,村人A,10,麗花,135
04/26,18,村人A,1,ロコ,13511
04/26,18,村人A,2,茜,729
04/26,18,村人A,3,未来,409
04/26,18,村人A,4,ひなた,395
04/26,18,村人A,5,志保,347
04/26,18,村人A,6,美奈子,339
04/26,18,村人A,7,千鶴,223
04/26,18,村人A,8,可奈,199
04/26,18,村人A,9,亜利沙,163
04/26,18,村人A,10,麗花,135
04/26,19,村人A,1,ロコ,13512
04/26,19,村人A,2,茜,753
04/26,19,村人A,3,未来,410
04/26,19,村人A,4,ひなた,395
04/26,19,村人A,5,志保,348
04/26,19,村人A,6,美奈子,339
04/26,19,村人A,7,千鶴,224
04/26,19,村人A,8,可奈,200
04/26,19,村人A,9,亜利沙,163
04/26,19,村人A,10,麗花,135
04/26,20,村人A,1,ロコ,13524
04/26,20,村人A,2,茜,754
04/26,20,村人A,3,未来,411
04/26,20,村人A,4,ひなた,404
04/26,20,村人A,5,志保,348
04/26,20,村人A,6,美奈子,339
04/26,20,村人A,7,千鶴,225
04/26,20,村人A,8,可奈,201
04/26,20,村人A,9,亜利沙,163
04/26,20,村人A,10,麗花,135
04/26,21,村人A,1,ロコ,13646
04/26,21,村人A,2,茜,760
04/26,21,村人A,3,未来,411
04/26,21,村人A,4,ひなた,411
04/26,21,村人A,5,志保,348
04/26,21,村人A,6,美奈子,339
04/26,21,村人A,7,千鶴,225
04/26,21,村人A,8,可奈,220
04/26,21,村人A,9,亜利沙,163
04/26,21,村人A,10,麗花,135
04/26,22,村人A,1,ロコ,13660
04/26,22,村人A,2,茜,761
04/26,22,村人A,3,ひなた,412
04/26,22,村人A,4,未来,411
04/26,22,村人A,5,志保,348
04/26,22,村人A,6,美奈子,339
04/26,22,村人A,7,千鶴,225
04/26,22,村人A,8,可奈,220
04/26,22,村人A,9,亜利沙,164
04/26,22,村人A,10,麗花,135
04/26,23,村人A,1,ロコ,13669
04/26,23,村人A,2,茜,761
04/26,23,村人A,3,ひなた,413
04/26,23,村人A,4,未来,413
04/26,23,村人A,5,志保,348
04/26,23,村人A,6,美奈子,339
04/26,23,村人A,7,千鶴,225
04/26,23,村人A,8,可奈,220
04/26,23,村人A,9,亜利沙,164
04/26,23,村人A,10,麗花,135
04/27,0,村人A,1,ロコ,13687
04/27,0,村人A,2,茜,766
04/27,0,村人A,3,ひなた,417
04/27,0,村人A,4,未来,413
04/27,0,村人A,5,志保,353
04/27,0,村人A,6,美奈子,340
04/27,0,村人A,7,千鶴,226
04/27,0,村人A,8,可奈,221
04/27,0,村人A,9,亜利沙,165
04/27,0,村人A,10,麗花,135
04/27,1,村人A,1,ロコ,13823
04/27,1,村人A,2,茜,766
04/27,1,村人A,3,志保,477
04/27,1,村人A,4,ひなた,428
04/27,1,村人A,5,未来,413
04/27,1,村人A,6,美奈子,347
04/27,1,村人A,7,千鶴,226
04/27,1,村人A,8,可奈,223
04/27,1,村人A,9,亜利沙,166
04/27,1,村人A,10,麗花,137
04/27,2,村人A,1,ロコ,13854
04/27,2,村人A,2,茜,766
04/27,2,村人A,3,志保,477
04/27,2,村人A,4,ひなた,428
04/27,2,村人A,5,未来,414
04/27,2,村人A,6,美奈子,347
04/27,2,村人A,7,千鶴,228
04/27,2,村人A,8,可奈,226
04/27,2,村人A,9,亜利沙,167
04/27,2,村人A,10,麗花,137
04/27,3,村人A,1,ロコ,13946
04/27,3,村人A,2,茜,767
04/27,3,村人A,3,志保,477
04/27,3,村人A,4,ひなた,428
04/27,3,村人A,5,未来,415
04/27,3,村人A,6,美奈子,348
04/27,3,村人A,7,千鶴,228
04/27,3,村人A,8,可奈,226
04/27,3,村人A,9,亜利沙,167
04/27,3,村人A,10,麗花,137
04/27,4,村人A,1,ロコ,13947
04/27,4,村人A,2,茜,767
04/27,4,村人A,3,志保,478
04/27,4,村人A,4,ひなた,429
04/27,4,村人A,5,未来,415
04/27,4,村人A,6,美奈子,348
04/27,4,村人A,7,千鶴,229
04/27,4,村人A,8,可奈,228
04/27,4,村人A,9,亜利沙,167
04/27,4,村人A,10,麗花,137
04/27,5,村人A,1,ロコ,13952
04/27,5,村人A,2,茜,767
04/27,5,村人A,3,志保,478
04/27,5,村人A,4,ひなた,429
04/27,5,村人A,5,未来,415
04/27,5,村人A,6,美奈子,348
04/27,5,村人A,7,千鶴,229
04/27,5,村人A,8,可奈,228
04/27,5,村人A,9,亜利沙,167
04/27,5,村人A,10,麗花,137
04/27,6,村人A,1,ロコ,13978
04/27,6,村人A,2,茜,767
04/27,6,村人A,3,志保,478
04/27,6,村人A,4,ひなた,430
04/27,6,村人A,5,未来,415
04/27,6,村人A,6,美奈子,349
04/27,6,村人A,7,千鶴,230
04/27,6,村人A,8,可奈,228
04/27,6,村人A,9,亜利沙,167
04/27,6,村人A,10,麗花,137
04/27,7,村人A,1,ロコ,13991
04/27,7,村人A,2,茜,769
04/27,7,村人A,3,志保,478
04/27,7,村人A,4,ひなた,432
04/27,7,村人A,5,未来,415
04/27,7,村人A,6,美奈子,349
04/27,7,村人A,7,可奈,231
04/27,7,村人A,8,千鶴,230
04/27,7,村人A,9,亜利沙,168
04/27,7,村人A,10,麗花,138
04/27,8,村人A,1,ロコ,14007
04/27,8,村人A,2,茜,769
04/27,8,村人A,3,志保,478
04/27,8,村人A,4,ひなた,432
04/27,8,村人A,5,未来,416
04/27,8,村人A,6,美奈子,349
04/27,8,村人A,7,可奈,231
04/27,8,村人A,8,千鶴,230
04/27,8,村人A,9,亜利沙,168
04/27,8,村人A,10,麗花,138
04/27,9,村人A,1,ロコ,14030
04/27,9,村人A,2,茜,769
04/27,9,村人A,3,志保,480
04/27,9,村人A,4,ひなた,432
04/27,9,村人A,5,未来,417
04/27,9,村人A,6,美奈子,383
04/27,9,村人A,7,可奈,231
04/27,9,村人A,8,千鶴,231
04/27,9,村人A,9,亜利沙,168
04/27,9,村人A,10,まつり,164
04/27,10,村人A,1,ロコ,14032
04/27,10,村人A,2,茜,769
04/27,10,村人A,3,志保,480
04/27,10,村人A,4,ひなた,438
04/27,10,村人A,5,未来,417
04/27,10,村人A,6,美奈子,383
04/27,10,村人A,7,可奈,231
04/27,10,村人A,8,千鶴,231
04/27,10,村人A,9,亜利沙,168
04/27,10,村人A,10,まつり,165
04/27,11,村人A,1,ロコ,14039
04/27,11,村人A,2,茜,769
04/27,11,村人A,3,志保,480
04/27,11,村人A,4,ひなた,439
04/27,11,村人A,5,未来,419
04/27,11,村人A,6,美奈子,383
04/27,11,村人A,7,可奈,233
04/27,11,村人A,8,千鶴,231
04/27,11,村人A,9,亜利沙,171
04/27,11,村人A,10,まつり,165
04/27,12,村人A,1,ロコ,14057
04/27,12,村人A,2,茜,770
04/27,12,村人A,3,志保,483
04/27,12,村人A,4,ひなた,439
04/27,12,村人A,5,未来,419
04/27,12,村人A,6,美奈子,383
04/27,12,村人A,7,可奈,234
04/27,12,村人A,8,千鶴,231
04/27,12,村人A,9,亜利沙,172
04/27,12,村人A,10,まつり,165
04/27,13,村人A,1,ロコ,14067
04/27,13,村人A,2,茜,771
04/27,13,村人A,3,志保,483
04/27,13,村人A,4,ひなた,441
04/27,13,村人A,5,未来,419
04/27,13,村人A,6,美奈子,384
04/27,13,村人A,7,可奈,238
04/27,13,村人A,8,千鶴,231
04/27,13,村人A,9,亜利沙,172
04/27,13,村人A,10,まつり,165
04/27,14,村人A,1,ロコ,14067
04/27,14,村人A,2,茜,772
04/27,14,村人A,3,志保,483
04/27,14,村人A,4,ひなた,441
04/27,14,村人A,5,未来,420
04/27,14,村人A,6,美奈子,384
04/27,14,村人A,7,可奈,242
04/27,14,村人A,8,千鶴,231
04/27,14,村人A,9,亜利沙,172
04/27,14,村人A,10,まつり,165
04/27,15,村人A,1,ロコ,14099
04/27,15,村人A,2,茜,772
04/27,15,村人A,3,志保,483
04/27,15,村人A,4,ひなた,442
04/27,15,村人A,5,未来,420
04/27,15,村人A,6,美奈子,384
04/27,15,村人A,7,可奈,242
04/27,15,村人A,8,千鶴,231
04/27,15,村人A,9,亜利沙,173
04/27,15,村人A,10,まつり,165
04/27,16,村人A,1,ロコ,14179
04/27,16,村人A,2,茜,780
04/27,16,村人A,3,志保,483
04/27,16,村人A,4,ひなた,442
04/27,16,村人A,5,未来,420
04/27,16,村人A,6,美奈子,384
04/27,16,村人A,7,可奈,244
04/27,16,村人A,8,千鶴,231
04/27,16,村人A,9,亜利沙,173
04/27,16,村人A,10,まつり,165
04/27,17,村人A,1,ロコ,14195
04/27,17,村人A,2,茜,781
04/27,17,村人A,3,ひなた,487
04/27,17,村人A,4,志保,483
04/27,17,村人A,5,未来,421
04/27,17,村人A,6,美奈子,384
04/27,17,村人A,7,可奈,244
04/27,17,村人A,8,千鶴,231
04/27,17,村人A,9,まつり,190
04/27,17,村人A,10,琴葉,179
04/27,18,村人A,1,ロコ,14197
04/27,18,村人A,2,茜,781
04/27,18,村人A,3,ひなた,487
04/27,18,村人A,4,志保,483
04/27,18,村人A,5,未来,421
04/27,18,村人A,6,美奈子,384
04/27,18,村人A,7,可奈,244
04/27,18,村人A,8,千鶴,231
04/27,18,村人A,9,まつり,190
04/27,18,村人A,10,琴葉,179
04/27,19,村人A,1,ロコ,14203
04/27,19,村人A,2,茜,782
04/27,19,村人A,3,ひなた,487
04/27,19,村人A,4,志保,483
04/27,19,村人A,5,未来,423
04/27,19,村人A,6,美奈子,384
04/27,19,村人A,7,可奈,244
04/27,19,村人A,8,千鶴,231
04/27,19,村人A,9,まつり,190
04/27,19,村人A,10,琴葉,179
04/27,20,村人A,1,ロコ,14205
04/27,20,村人A,2,茜,782
04/27,20,村人A,3,ひなた,487
04/27,20,村人A,4,志保,483
04/27,20,村人A,5,未来,423
04/27,20,村人A,6,美奈子,384
04/27,20,村人A,7,可奈,244
04/27,20,村人A,8,千鶴,231
04/27,20,村人A,9,まつり,190
04/27,20,村人A,10,琴葉,179
04/27,21,村人A,1,ロコ,14217
04/27,21,村人A,2,茜,782
04/27,21,村人A,3,ひなた,487
04/27,21,村人A,4,志保,483
04/27,21,村人A,5,未来,423
04/27,21,村人A,6,美奈子,419
04/27,21,村人A,7,可奈,244
04/27,21,村人A,8,千鶴,231
04/27,21,村人A,9,まつり,190
04/27,21,村人A,10,琴葉,179
04/27,22,村人A,1,ロコ,14245
04/27,22,村人A,2,茜,784
04/27,22,村人A,3,ひなた,490
04/27,22,村人A,4,志保,483
04/27,22,村人A,5,未来,424
04/27,22,村人A,6,美奈子,420
04/27,22,村人A,7,可奈,258
04/27,22,村人A,8,千鶴,233
04/27,22,村人A,9,まつり,190
04/27,22,村人A,10,琴葉,180
04/27,23,村人A,1,ロコ,14257
04/27,23,村人A,2,茜,784
04/27,23,村人A,3,ひなた,491
04/27,23,村人A,4,志保,483
04/27,23,村人A,5,未来,425
04/27,23,村人A,6,美奈子,422
04/27,23,村人A,7,可奈,258
04/27,23,村人A,8,千鶴,233
04/27,23,村人A,9,まつり,190
04/27,23,村人A,10,琴葉,180
04/28,0,村人A,1,ロコ,14286
04/28,0,村人A,2,茜,836
04/28,0,村人A,3,志保,531
04/28,0,村人A,4,ひなた,494
04/28,0,村人A,5,未来,431
04/28,0,村人A,6,美奈子,423
04/28,0,村人A,7,可奈,258
04/28,0,村人A,8,千鶴,233
04/28,0,村人A,9,まつり,190
04/28,0,村人A,10,琴葉,180
04/28,1,村人A,1,ロコ,14310
04/28,1,村人A,2,茜,852
04/28,1,村人A,3,志保,531
04/28,1,村人A,4,ひなた,494
04/28,1,村人A,5,未来,431
04/28,1,村人A,6,美奈子,423
04/28,1,村人A,7,可奈,260
04/28,1,村人A,8,千鶴,233
04/28,1,村人A,9,まつり,190
04/28,1,村人A,10,琴葉,180
04/28,2,村人A,1,ロコ,14385
04/28,2,村人A,2,茜,852
04/28,2,村人A,3,志保,531
04/28,2,村人A,4,ひなた,494
04/28,2,村人A,5,未来,433
04/28,2,村人A,6,美奈子,424
04/28,2,村人A,7,可奈,260
04/28,2,村人A,8,千鶴,233
04/28,2,村人A,9,まつり,190
04/28,2,村人A,10,琴葉,183
04/28,3,村人A,1,ロコ,14411
04/28,3,村人A,2,茜,852
04/28,3,村人A,3,志保,531
04/28,3,村人A,4,ひなた,494
04/28,3,村人A,5,未来,433
04/28,3,村人A,6,美奈子,425
04/28,3,村人A,7,可奈,260
04/28,3,村人A,8,千鶴,233
04/28,3,村人A,9,まつり,190
04/28,3,村人A,10,琴葉,183
04/28,4,村人A,1,ロコ,14414
04/28,4,村人A,2,茜,854
04/28,4,村人A,3,志保,531
04/28,4,村人A,4,ひなた,495
04/28,4,村人A,5,未来,434
04/28,4,村人A,6,美奈子,425
04/28,4,村人A,7,可奈,276
04/28,4,村人A,8,千鶴,233
04/28,4,村人A,9,まつり,190
04/28,4,村人A,10,琴葉,183
04/28,5,村人A,1,ロコ,14415
04/28,5,村人A,2,茜,854
04/28,5,村人A,3,志保,531
04/28,5,村人A,4,ひなた,495
04/28,5,村人A,5,未来,434
04/28,5,村人A,6,美奈子,425
04/28,5,村人A,7,可奈,277
04/28,5,村人A,8,千鶴,233
04/28,5,村人A,9,まつり,190
04/28,5,村人A,10,琴葉,183
04/28,6,村人A,1,ロコ,14419
04/28,6,村人A,2,茜,854
04/28,6,村人A,3,志保,531
04/28,6,村人A,4,ひなた,495
04/28,6,村人A,5,未来,434
04/28,6,村人A,6,美奈子,425
04/28,6,村人A,7,可奈,277
04/28,6,村人A,8,千鶴,233
04/28,6,村人A,9,まつり,190
04/28,6,村人A,10,琴葉,183
04/28,7,村人A,1,ロコ,14437
04/28,7,村人A,2,茜,854
04/28,7,村人A,3,志保,531
04/28,7,村人A,4,ひなた,495
04/28,7,村人A,5,未来,434
04/28,7,村人A,6,美奈子,425
04/28,7,村人A,7,可奈,277
04/28,7,村人A,8,千鶴,233
04/28,7,村人A,9,まつり,190
04/28,7,村人A,10,琴葉,183
04/28,8,村人A,1,ロコ,14454
04/28,8,村人A,2,茜,854
04/28,8,村人A,3,志保,532
04/28,8,村人A,4,ひなた,500
04/28,8,村人A,5,未来,434
04/28,8,村人A,6,美奈子,426
04/28,8,村人A,7,可奈,277
04/28,8,村人A,8,千鶴,234
04/28,8,村人A,9,まつり,190
04/28,8,村人A,10,亜利沙,190
04/28,9,村人A,1,ロコ,14475
04/28,9,村人A,2,茜,855
04/28,9,村人A,3,志保,532
04/28,9,村人A,4,ひなた,503
04/28,9,村人A,5,未来,435
04/28,9,村人A,6,美奈子,426
04/28,9,村人A,7,可奈,277
04/28,9,村人A,8,千鶴,234
04/28,9,村人A,9,亜利沙,195
04/28,9,村人A,10,まつり,190
04/28,10,村人A,1,ロコ,14479
04/28,10,村人A,2,茜,855
04/28,10,村人A,3,志保,532
04/28,10,村人A,4,ひなた,503
04/28,10,村人A,5,未来,436
04/28,10,村人A,6,美奈子,426
04/28,10,村人A,7,可奈,277
04/28,10,村人A,8,千鶴,234
04/28,10,村人A,9,亜利沙,195
04/28,10,村人A,10,まつり,190
04/28,11,村人A,1,ロコ,14494
04/28,11,村人A,2,茜,856
04/28,11,村人A,3,志保,532
04/28,11,村人A,4,ひなた,503
04/28,11,村人A,5,未来,436
04/28,11,村人A,6,美奈子,426
04/28,11,村人A,7,可奈,279
04/28,11,村人A,8,千鶴,234
04/28,11,村人A,9,亜利沙,196
04/28,11,村人A,10,まつり,190
04/28,12,村人A,1,ロコ,14598
04/28,12,村人A,2,茜,856
04/28,12,村人A,3,志保,532
04/28,12,村人A,4,ひなた,505
04/28,12,村人A,5,未来,439
04/28,12,村人A,6,美奈子,426
04/28,12,村人A,7,可奈,279
04/28,12,村人A,8,千鶴,234
04/28,12,村人A,9,亜利沙,197
04/28,12,村人A,10,まつり,190
04/28,13,村人A,1,ロコ,14616
04/28,13,村人A,2,茜,856
04/28,13,村人A,3,志保,532
04/28,13,村人A,4,ひなた,510
04/28,13,村人A,5,未来,440
04/28,13,村人A,6,美奈子,426
04/28,13,村人A,7,可奈,279
04/28,13,村人A,8,千鶴,234
04/28,13,村人A,9,亜利沙,197
04/28,13,村人A,10,まつり,190
04/28,14,村人A,1,ロコ,14619
04/28,14,村人A,2,茜,856
04/28,14,村人A,3,志保,532
04/28,14,村人A,4,ひなた,510
04/28,14,村人A,5,未来,441
04/28,14,村人A,6,美奈子,426
04/28,14,村人A,7,可奈,280
04/28,14,村人A,8,千鶴,234
04/28,14,村人A,9,亜利沙,197
04/28,14,村人A,10,まつり,190
04/28,15,村人A,1,ロコ,14627
04/28,15,村人A,2,茜,856
04/28,15,村人A,3,志保,532
04/28,15,村人A,4,ひなた,510
04/28,15,村人A,5,未来,441
04/28,15,村人A,6,美奈子,428
04/28,15,村人A,7,可奈,280
04/28,15,村人A,8,千鶴,234
04/28,15,村人A,9,亜利沙,197
04/28,15,村人A,10,まつり,190
04/28,16,村人A,1,ロコ,14635
04/28,16,村人A,2,茜,861
04/28,16,村人A,3,志保,532
04/28,16,村人A,4,ひなた,510
04/28,16,村人A,5,未来,449
04/28,16,村人A,6,美奈子,428
04/28,16,村人A,7,可奈,280
04/28,16,村人A,8,千鶴,235
04/28,16,村人A,9,亜利沙,197
04/28,16,村人A,10,まつり,190
04/28,17,村人A,1,ロコ,14702
04/28,17,村人A,2,茜,861
04/28,17,村人A,3,志保,532
04/28,17,村人A,4,ひなた,510
04/28,17,村人A,5,未来,449
04/28,17,村人A,6,美奈子,428
04/28,17,村人A,7,可奈,280
04/28,17,村人A,8,千鶴,235
04/28,17,村人A,9,亜利沙,197
04/28,17,村人A,10,まつり,190
04/28,18,村人A,1,ロコ,14721
04/28,18,村人A,2,茜,861
04/28,18,村人A,3,志保,532
04/28,18,村人A,4,ひなた,516
04/28,18,村人A,5,未来,449
04/28,18,村人A,6,美奈子,429
04/28,18,村人A,7,可奈,285
04/28,18,村人A,8,千鶴,235
04/28,18,村人A,9,亜利沙,197
04/28,18,村人A,10,まつり,190
04/28,19,村人A,1,ロコ,14768
04/28,19,村人A,2,茜,861
04/28,19,村人A,3,志保,532
04/28,19,村人A,4,ひなた,516
04/28,19,村人A,5,未来,449
04/28,19,村人A,6,美奈子,429
04/28,19,村人A,7,可奈,285
04/28,19,村人A,8,千鶴,235
04/28,19,村人A,9,亜利沙,197
04/28,19,村人A,10,まつり,190
04/28,20,村人A,1,ロコ,14770
04/28,20,村人A,2,茜,861
04/28,20,村人A,3,志保,532
04/28,20,村人A,4,ひなた,516
04/28,20,村人A,5,未来,449
04/28,20,村人A,6,美奈子,429
04/28,20,村人A,7,可奈,285
04/28,20,村人A,8,千鶴,235
04/28,20,村人A,9,亜利沙,197
04/28,20,村人A,10,まつり,190
04/28,21,村人A,1,ロコ,14783
04/28,21,村人A,2,茜,862
04/28,21,村人A,3,志保,532
04/28,21,村人A,4,ひなた,521
04/28,21,村人A,5,未来,449
04/28,21,村人A,6,美奈子,429
04/28,21,村人A,7,可奈,285
04/28,21,村人A,8,千鶴,235
04/28,21,村人A,9,亜利沙,199
04/28,21,村人A,10,まつり,190
04/28,22,村人A,1,ロコ,14843
04/28,22,村人A,2,茜,865
04/28,22,村人A,3,ひなた,543
04/28,22,村人A,4,志保,536
04/28,22,村人A,5,未来,452
04/28,22,村人A,6,美奈子,431
04/28,22,村人A,7,可奈,286
04/28,22,村人A,8,千鶴,235
04/28,22,村人A,9,亜利沙,200
04/28,22,村人A,10,まつり,192
04/29,0,村人A,1,ロコ,14933
04/29,0,村人A,2,茜,873
04/29,0,村人A,3,ひなた,549
04/29,0,村人A,4,志保,537
04/29,0,村人A,5,未来,453
04/29,0,村人A,6,美奈子,431
04/29,0,村人A,7,可奈,287
04/29,0,村人A,8,千鶴,235
04/29,0,村人A,9,亜利沙,201
04/29,0,村人A,10,まつり,192
04/29,1,村人A,1,ロコ,15006
04/29,1,村人A,2,茜,875
04/29,1,村人A,3,ひなた,554
04/29,1,村人A,4,志保,537
04/29,1,村人A,5,未来,458
04/29,1,村人A,6,美奈子,433
04/29,1,村人A,7,可奈,288
04/29,1,村人A,8,千鶴,235
04/29,1,村人A,9,亜利沙,202
04/29,1,村人A,10,琴葉,194
04/29,2,村人A,1,ロコ,15028
04/29,2,村人A,2,茜,875
04/29,2,村人A,3,ひなた,556
04/29,2,村人A,4,志保,545
04/29,2,村人A,5,未来,458
04/29,2,村人A,6,美奈子,433
04/29,2,村人A,7,可奈,289
04/29,2,村人A,8,千鶴,235
04/29,2,村人A,9,亜利沙,202
04/29,2,村人A,10,琴葉,194
04/29,3,村人A,1,ロコ,15033
04/29,3,村人A,2,茜,875
04/29,3,村人A,3,ひなた,556
04/29,3,村人A,4,志保,545
04/29,3,村人A,5,未来,458
04/29,3,村人A,6,美奈子,433
04/29,3,村人A,7,可奈,289
04/29,3,村人A,8,千鶴,235
04/29,3,村人A,9,亜利沙,202
04/29,3,村人A,10,琴葉,194
04/29,4,村人A,1,ロコ,15043
04/29,4,村人A,2,茜,875
04/29,4,村人A,3,ひなた,556
04/29,4,村人A,4,志保,545
04/29,4,村人A,5,未来,459
04/29,4,村人A,6,美奈子,433
04/29,4,村人A,7,可奈,292
04/29,4,村人A,8,千鶴,235
04/29,4,村人A,9,亜利沙,202
04/29,4,村人A,10,琴葉,194
04/29,5,村人A,1,ロコ,15044
04/29,5,村人A,2,茜,875
04/29,5,村人A,3,ひなた,556
04/29,5,村人A,4,志保,545
04/29,5,村人A,5,未来,459
04/29,5,村人A,6,美奈子,433
04/29,5,村人A,7,可奈,292
04/29,5,村人A,8,千鶴,235
04/29,5,村人A,9,亜利沙,202
04/29,5,村人A,10,琴葉,194
04/29,6,村人A,1,ロコ,15046
04/29,6,村人A,2,茜,875
04/29,6,村人A,3,ひなた,556
04/29,6,村人A,4,志保,545
04/29,6,村人A,5,未来,459
04/29,6,村人A,6,美奈子,433
04/29,6,村人A,7,可奈,293
04/29,6,村人A,8,千鶴,235
04/29,6,村人A,9,亜利沙,203
04/29,6,村人A,10,琴葉,194
04/29,7,村人A,1,ロコ,15058
04/29,7,村人A,2,茜,875
04/29,7,村人A,3,ひなた,556
04/29,7,村人A,4,志保,545
04/29,7,村人A,5,未来,460
04/29,7,村人A,6,美奈子,433
04/29,7,村人A,7,可奈,293
04/29,7,村人A,8,千鶴,235
04/29,7,村人A,9,亜利沙,205
04/29,7,村人A,10,琴葉,194
04/29,8,村人A,1,ロコ,15066
04/29,8,村人A,2,茜,875
04/29,8,村人A,3,ひなた,558
04/29,8,村人A,4,志保,545
04/29,8,村人A,5,未来,460
04/29,8,村人A,6,美奈子,433
04/29,8,村人A,7,可奈,294
04/29,8,村人A,8,千鶴,235
04/29,8,村人A,9,亜利沙,205
04/29,8,村人A,10,琴葉,194
04/29,9,村人A,1,ロコ,15072
04/29,9,村人A,2,茜,876
04/29,9,村人A,3,ひなた,558
04/29,9,村人A,4,志保,545
04/29,9,村人A,5,未来,460
04/29,9,村人A,6,美奈子,433
04/29,9,村人A,7,可奈,297
04/29,9,村人A,8,千鶴,239
04/29,9,村人A,9,亜利沙,207
04/29,9,村人A,10,琴葉,194
04/29,10,村人A,1,ロコ,15151
04/29,10,村人A,2,茜,887
04/29,10,村人A,3,ひなた,558
04/29,10,村人A,4,志保,545
04/29,10,村人A,5,未来,465
04/29,10,村人A,6,美奈子,433
04/29,10,村人A,7,可奈,297
04/29,10,村人A,8,千鶴,239
04/29,10,村人A,9,亜利沙,207
04/29,10,村人A,10,琴葉,194
04/29,11,村人A,1,ロコ,15224
04/29,11,村人A,2,茜,888
04/29,11,村人A,3,ひなた,558
04/29,11,村人A,4,志保,545
04/29,11,村人A,5,未来,465
04/29,11,村人A,6,美奈子,433
04/29,11,村人A,7,可奈,297
04/29,11,村人A,8,千鶴,239
04/29,11,村人A,9,亜利沙,207
04/29,11,村人A,10,琴葉,194
04/29,12,村人A,1,ロコ,15230
04/29,12,村人A,2,茜,888
04/29,12,村人A,3,ひなた,560
04/29,12,村人A,4,志保,545
04/29,12,村人A,5,未来,465
04/29,12,村人A,6,美奈子,434
04/29,12,村人A,7,可奈,297
04/29,12,村人A,8,千鶴,239
04/29,12,村人A,9,亜利沙,207
04/29,12,村人A,10,琴葉,194
04/29,13,村人A,1,ロコ,15266
04/29,13,村人A,2,茜,891
04/29,13,村人A,3,ひなた,560
04/29,13,村人A,4,志保,545
04/29,13,村人A,5,未来,466
04/29,13,村人A,6,美奈子,434
04/29,13,村人A,7,可奈,297
04/29,13,村人A,8,千鶴,239
04/29,13,村人A,9,亜利沙,207
04/29,13,村人A,10,琴葉,194
04/29,14,村人A,1,ロコ,15276
04/29,14,村人A,2,茜,892
04/29,14,村人A,3,ひなた,561
04/29,14,村人A,4,志保,546
04/29,14,村人A,5,未来,467
04/29,14,村人A,6,美奈子,434
04/29,14,村人A,7,可奈,298
04/29,14,村人A,8,千鶴,240
04/29,14,村人A,9,亜利沙,208
04/29,14,村人A,10,琴葉,194
04/29,15,村人A,1,ロコ,15285
04/29,15,村人A,2,茜,892
04/29,15,村人A,3,ひなた,562
04/29,15,村人A,4,志保,546
04/29,15,村人A,5,未来,468
04/29,15,村人A,6,美奈子,434
04/29,15,村人A,7,可奈,298
04/29,15,村人A,8,千鶴,240
04/29,15,村人A,9,亜利沙,208
04/29,15,村人A,10,琴葉,194
04/29,16,村人A,1,ロコ,15290
04/29,16,村人A,2,茜,892
04/29,16,村人A,3,ひなた,572
04/29,16,村人A,4,志保,546
04/29,16,村人A,5,未来,468
04/29,16,村人A,6,美奈子,434
04/29,16,村人A,7,可奈,298
04/29,16,村人A,8,千鶴,240
04/29,16,村人A,9,亜利沙,208
04/29,16,村人A,10,琴葉,194
04/29,17,村人A,1,ロコ,15311
04/29,17,村人A,2,茜,892
04/29,17,村人A,3,ひなた,573
04/29,17,村人A,4,志保,546
04/29,17,村人A,5,未来,479
04/29,17,村人A,6,美奈子,434
04/29,17,村人A,7,可奈,298
04/29,17,村人A,8,千鶴,240
04/29,17,村人A,9,亜利沙,208
04/29,17,村人A,10,琴葉,194
04/29,18,村人A,1,ロコ,15314
04/29,18,村人A,2,茜,892
04/29,18,村人A,3,ひなた,573
04/29,18,村人A,4,志保,546
04/29,18,村人A,5,未来,479
04/29,18,村人A,6,美奈子,434
04/29,18,村人A,7,可奈,298
04/29,18,村人A,8,千鶴,240
04/29,18,村人A,9,亜利沙,208
04/29,18,村人A,10,琴葉,194
04/29,19,村人A,1,ロコ,15318
04/29,19,村人A,2,茜,894
04/29,19,村人A,3,ひなた,578
04/29,19,村人A,4,志保,547
04/29,19,村人A,5,未来,479
04/29,19,村人A,6,美奈子,434
04/29,19,村人A,7,可奈,299
04/29,19,村人A,8,千鶴,244
04/29,19,村人A,9,亜利沙,208
04/29,19,村人A,10,琴葉,195
04/29,20,村人A,1,ロコ,15338
04/29,20,村人A,2,茜,895
04/29,20,村人A,3,志保,582
04/29,20,村人A,4,ひなた,578
04/29,20,村人A,5,未来,479
04/29,20,村人A,6,美奈子,435
04/29,20,村人A,7,可奈,299
04/29,20,村人A,8,千鶴,244
04/29,20,村人A,9,亜利沙,209
04/29,20,村人A,10,琴葉,195
04/29,21,村人A,1,ロコ,15349
04/29,21,村人A,2,茜,895
04/29,21,村人A,3,志保,582
04/29,21,村人A,4,ひなた,579
04/29,21,村人A,5,未来,480
04/29,21,村人A,6,美奈子,435
04/29,21,村人A,7,可奈,300
04/29,21,村人A,8,千鶴,244
04/29,21,村人A,9,亜利沙,209
04/29,21,村人A,10,琴葉,195
04/29,22,村人A,1,ロコ,15349
04/29,22,村人A,2,茜,895
04/29,22,村人A,3,志保,582
04/29,22,村人A,4,ひなた,579
04/29,22,村人A,5,未来,481
04/29,22,村人A,6,美奈子,435
04/29,22,村人A,7,可奈,303
04/29,22,村人A,8,千鶴,244
04/29,22,村人A,9,亜利沙,209
04/29,22,村人A,10,琴葉,195
04/29,23,村人A,1,ロコ,15377
04/29,23,村人A,2,茜,896
04/29,23,村人A,3,ひなた,591
04/29,23,村人A,4,志保,583
04/29,23,村人A,5,未来,481
04/29,23,村人A,6,美奈子,437
04/29,23,村人A,7,可奈,304
04/29,23,村人A,8,千鶴,244
04/29,23,村人A,9,亜利沙,210
04/29,23,村人A,10,琴葉,195
04/30,0,村人A,1,ロコ,15420
04/30,0,村人A,2,茜,896
04/30,0,村人A,3,ひなた,595
04/30,0,村人A,4,志保,584
04/30,0,村人A,5,未来,481
04/30,0,村人A,6,美奈子,438
04/30,0,村人A,7,可奈,304
04/30,0,村人A,8,千鶴,244
04/30,0,村人A,9,亜利沙,210
04/30,0,村人A,10,琴葉,195
04/30,1,村人A,1,ロコ,15550
04/30,1,村人A,2,茜,901
04/30,1,村人A,3,ひなた,601
04/30,1,村人A,4,志保,584
04/30,1,村人A,5,未来,482
04/30,1,村人A,6,美奈子,442
04/30,1,村人A,7,可奈,304
04/30,1,村人A,8,千鶴,245
04/30,1,村人A,9,亜利沙,215
04/30,1,村人A,10,琴葉,197
04/30,2,村人A,1,ロコ,15610
04/30,2,村人A,2,茜,902
04/30,2,村人A,3,ひなた,606
04/30,2,村人A,4,志保,584
04/30,2,村人A,5,未来,483
04/30,2,村人A,6,美奈子,444
04/30,2,村人A,7,可奈,304
04/30,2,村人A,8,千鶴,245
04/30,2,村人A,9,亜利沙,220
04/30,2,村人A,10,琴葉,199
04/30,3,村人A,1,ロコ,15626
04/30,3,村人A,2,茜,906
04/30,3,村人A,3,ひなた,609
04/30,3,村人A,4,志保,584
04/30,3,村人A,5,未来,483
04/30,3,村人A,6,美奈子,444
04/30,3,村人A,7,可奈,305
04/30,3,村人A,8,千鶴,245
04/30,3,村人A,9,亜利沙,220
04/30,3,村人A,10,琴葉,199
04/30,4,村人A,1,ロコ,15642
04/30,4,村人A,2,茜,906
04/30,4,村人A,3,ひなた,609
04/30,4,村人A,4,志保,584
04/30,4,村人A,5,未来,483
04/30,4,村人A,6,美奈子,444
04/30,4,村人A,7,可奈,305
04/30,4,村人A,8,千鶴,245
04/30,4,村人A,9,亜利沙,220
04/30,4,村人A,10,琴葉,199
04/30,5,村人A,1,ロコ,15649
04/30,5,村人A,2,茜,906
04/30,5,村人A,3,ひなた,609
04/30,5,村人A,4,志保,584
04/30,5,村人A,5,未来,483
04/30,5,村人A,6,美奈子,444
04/30,5,村人A,7,可奈,305
04/30,5,村人A,8,千鶴,245
04/30,5,村人A,9,亜利沙,220
04/30,5,村人A,10,琴葉,199
04/30,6,村人A,1,ロコ,15673
04/30,6,村人A,2,茜,907
04/30,6,村人A,3,ひなた,609
04/30,6,村人A,4,志保,584
04/30,6,村人A,5,未来,483
04/30,6,村人A,6,美奈子,444
04/30,6,村人A,7,可奈,306
04/30,6,村人A,8,千鶴,245
04/30,6,村人A,9,亜利沙,220
04/30,6,村人A,10,琴葉,199
04/30,7,村人A,1,ロコ,15675
04/30,7,村人A,2,茜,907
04/30,7,村人A,3,ひなた,611
04/30,7,村人A,4,志保,584
04/30,7,村人A,5,未来,483
04/30,7,村人A,6,美奈子,444
04/30,7,村人A,7,可奈,306
04/30,7,村人A,8,千鶴,247
04/30,7,村人A,9,亜利沙,220
04/30,7,村人A,10,琴葉,199
04/30,8,村人A,1,ロコ,15715
04/30,8,村人A,2,茜,907
04/30,8,村人A,3,ひなた,612
04/30,8,村人A,4,志保,584
04/30,8,村人A,5,未来,483
04/30,8,村人A,6,美奈子,444
04/30,8,村人A,7,可奈,306
04/30,8,村人A,8,千鶴,247
04/30,8,村人A,9,亜利沙,220
04/30,8,村人A,10,琴葉,199
04/30,9,村人A,1,ロコ,15742
04/30,9,村人A,2,茜,909
04/30,9,村人A,3,ひなた,613
04/30,9,村人A,4,志保,584
04/30,9,村人A,5,未来,483
04/30,9,村人A,6,美奈子,445
04/30,9,村人A,7,可奈,306
04/30,9,村人A,8,千鶴,248
04/30,9,村人A,9,亜利沙,220
04/30,9,村人A,10,琴葉,199
04/30,10,村人A,1,ロコ,15762
04/30,10,村人A,2,茜,909
04/30,10,村人A,3,ひなた,619
04/30,10,村人A,4,志保,584
04/30,10,村人A,5,未来,483
04/30,10,村人A,6,美奈子,445
04/30,10,村人A,7,可奈,306
04/30,10,村人A,8,千鶴,248
04/30,10,村人A,9,亜利沙,220
04/30,10,村人A,10,琴葉,199
04/30,11,村人A,1,ロコ,15766
04/30,11,村人A,2,茜,910
04/30,11,村人A,3,ひなた,624
04/30,11,村人A,4,志保,584
04/30,11,村人A,5,未来,486
04/30,11,村人A,6,美奈子,446
04/30,11,村人A,7,可奈,307
04/30,11,村人A,8,千鶴,252
04/30,11,村人A,9,亜利沙,220
04/30,11,村人A,10,琴葉,202
04/30,12,村人A,1,ロコ,15784
04/30,12,村人A,2,茜,910
04/30,12,村人A,3,ひなた,624
04/30,12,村人A,4,志保,584
04/30,12,村人A,5,未来,486
04/30,12,村人A,6,美奈子,447
04/30,12,村人A,7,可奈,309
04/30,12,村人A,8,千鶴,252
04/30,12,村人A,9,亜利沙,220
04/30,12,村人A,10,琴葉,202
04/30,13,村人A,1,ロコ,15803
04/30,13,村人A,2,茜,913
04/30,13,村人A,3,ひなた,625
04/30,13,村人A,4,志保,584
04/30,13,村人A,5,未来,490
04/30,13,村人A,6,美奈子,448
04/30,13,村人A,7,可奈,309
04/30,13,村人A,8,千鶴,253
04/30,13,村人A,9,亜利沙,220
04/30,13,村人A,10,琴葉,215
04/30,14,村人A,1,ロコ,15868
04/30,14,村人A,2,茜,914
04/30,14,村人A,3,ひなた,626
04/30,14,村人A,4,志保,584
04/30,14,村人A,5,未来,491
04/30,14,村人A,6,美奈子,449
04/30,14,村人A,7,可奈,309
04/30,14,村人A,8,千鶴,253
04/30,14,村人A,9,亜利沙,221
04/30,14,村人A,10,琴葉,216
04/30,15,村人A,1,ロコ,15870
04/30,15,村人A,2,茜,914
04/30,15,村人A,3,ひなた,627
04/30,15,村人A,4,志保,584
04/30,15,村人A,5,未来,492
04/30,15,村人A,6,美奈子,449
04/30,15,村人A,7,可奈,311
04/30,15,村人A,8,千鶴,253
04/30,15,村人A,9,亜利沙,221
04/30,15,村人A,10,琴葉,216
04/30,16,村人A,1,ロコ,15924
04/30,16,村人A,2,茜,999
04/30,16,村人A,3,ひなた,627
04/30,16,村人A,4,志保,584
04/30,16,村人A,5,未来,492
04/30,16,村人A,6,美奈子,449
04/30,16,村人A,7,可奈,314
04/30,16,村人A,8,千鶴,254
04/30,16,村人A,9,亜利沙,221
04/30,16,村人A,10,琴葉,216
04/30,17,村人A,1,ロコ,15938
04/30,17,村人A,2,茜,999
04/30,17,村人A,3,ひなた,628
04/30,17,村人A,4,志保,584
04/30,17,村人A,5,未来,493
04/30,17,村人A,6,美奈子,455
04/30,17,村人A,7,可奈,316
04/30,17,村人A,8,千鶴,257
04/30,17,村人A,9,亜利沙,221
04/30,17,村人A,10,琴葉,217
04/30,18,村人A,1,ロコ,16043
04/30,18,村人A,2,茜,1000
04/30,18,村人A,3,ひなた,633
04/30,18,村人A,4,志保,584
04/30,18,村人A,5,未来,493
04/30,18,村人A,6,美奈子,457
04/30,18,村人A,7,可奈,316
04/30,18,村人A,8,千鶴,257
04/30,18,村人A,9,亜利沙,221
04/30,18,村人A,10,琴葉,217
04/30,19,村人A,1,ロコ,16063
04/30,19,村人A,2,茜,1000
04/30,19,村人A,3,ひなた,633
04/30,19,村人A,4,志保,585
04/30,19,村人A,5,未来,494
04/30,19,村人A,6,美奈子,457
04/30,19,村人A,7,可奈,316
04/30,19,村人A,8,千鶴,258
04/30,19,村人A,9,亜利沙,221
04/30,19,村人A,10,琴葉,218
04/30,20,村人A,1,ロコ,16082
04/30,20,村人A,2,茜,1000
04/30,20,村人A,3,ひなた,640
04/30,20,村人A,4,志保,588
04/30,20,村人A,5,未来,494
04/30,20,村人A,6,美奈子,459
04/30,20,村人A,7,可奈,316
04/30,20,村人A,8,千鶴,258
04/30,20,村人A,9,亜利沙,221
04/30,20,村人A,10,琴葉,219
04/30,21,村人A,1,ロコ,16194
04/30,21,村人A,2,茜,1007
04/30,21,村人A,3,ひなた,643
04/30,21,村人A,4,志保,590
04/30,21,村人A,5,未来,495
04/30,21,村人A,6,美奈子,459
04/30,21,村人A,7,可奈,319
04/30,21,村人A,8,千鶴,264
04/30,21,村人A,9,亜利沙,223
04/30,21,村人A,10,琴葉,221
04/30,22,村人A,1,ロコ,16309
04/30,22,村人A,2,茜,1012
04/30,22,村人A,3,ひなた,645
04/30,22,村人A,4,志保,590
04/30,22,村人A,5,未来,514
04/30,22,村人A,6,美奈子,484
04/30,22,村人A,7,可奈,329
04/30,22,村人A,8,千鶴,265
04/30,22,村人A,9,亜利沙,227
04/30,22,村人A,10,琴葉,221
04/30,23,村人A,1,ロコ,16451
04/30,23,村人A,2,茜,1014
04/30,23,村人A,3,ひなた,645
04/30,23,村人A,4,志保,592
04/30,23,村人A,5,未来,517
04/30,23,村人A,6,美奈子,486
04/30,23,村人A,7,可奈,330
04/30,23,村人A,8,千鶴,265
04/30,23,村人A,9,亜利沙,227
04/30,23,村人A,10,琴葉,221
05/01,0,村人A,1,ロコ,16554
05/01,0,村人A,2,茜,1016
05/01,0,村人A,3,ひなた,647
05/01,0,村人A,4,志保,592
05/01,0,村人A,5,未来,520
05/01,0,村人A,6,美奈子,491
05/01,0,村人A,7,可奈,330
05/01,0,村人A,8,千鶴,265
05/01,0,村人A,9,亜利沙,230
05/01,0,村人A,10,琴葉,223
05/01,1,村人A,1,ロコ,16979
05/01,1,村人A,2,茜,1027
05/01,1,村人A,3,ひなた,650
05/01,1,村人A,4,志保,592
05/01,1,村人A,5,未来,522
05/01,1,村人A,6,美奈子,491
05/01,1,村人A,7,可奈,331
05/01,1,村人A,8,千鶴,265
05/01,1,村人A,9,亜利沙,231
05/01,1,村人A,10,琴葉,225
05/01,2,村人A,1,ロコ,17171
05/01,2,村人A,2,茜,1035
05/01,2,村人A,3,ひなた,665
05/01,2,村人A,4,志保,592
05/01,2,村人A,5,未来,527
05/01,2,村人A,6,美奈子,492
05/01,2,村人A,7,可奈,335
05/01,2,村人A,8,千鶴,266
05/01,2,村人A,9,亜利沙,233
05/01,2,村人A,10,琴葉,227
05/01,3,村人A,1,ロコ,17190
05/01,3,村人A,2,茜,1037
05/01,3,村人A,3,ひなた,671
05/01,3,村人A,4,志保,592
05/01,3,村人A,5,未来,527
05/01,3,村人A,6,美奈子,493
05/01,3,村人A,7,可奈,335
05/01,3,村人A,8,千鶴,272
05/01,3,村人A,9,亜利沙,233
05/01,3,村人A,10,琴葉,227
05/01,4,村人A,1,ロコ,17212
05/01,4,村人A,2,茜,1037
05/01,4,村人A,3,ひなた,671
05/01,4,村人A,4,志保,592
05/01,4,村人A,5,未来,527
05/01,4,村人A,6,美奈子,493
05/01,4,村人A,7,可奈,335
05/01,4,村人A,8,千鶴,272
05/01,4,村人A,9,亜利沙,233
05/01,4,村人A,10,琴葉,227
05/01,5,村人A,1,ロコ,17214
05/01,5,村人A,2,茜,1037
05/01,5,村人A,3,ひなた,673
05/01,5,村人A,4,志保,592
05/01,5,村人A,5,未来,527
05/01,5,村人A,6,美奈子,493
05/01,5,村人A,7,可奈,335
05/01,5,村人A,8,千鶴,272
05/01,5,村人A,9,亜利沙,233
05/01,5,村人A,10,琴葉,227
05/01,6,村人A,1,ロコ,17251
05/01,6,村人A,2,茜,1041
05/01,6,村人A,3,ひなた,674
05/01,6,村人A,4,志保,592
05/01,6,村人A,5,未来,527
05/01,6,村人A,6,美奈子,493
05/01,6,村人A,7,可奈,335
05/01,6,村人A,8,千鶴,273
05/01,6,村人A,9,亜利沙,234
05/01,6,村人A,10,琴葉,227
05/01,7,村人A,1,ロコ,17317
05/01,7,村人A,2,茜,1041
05/01,7,村人A,3,ひなた,675
05/01,7,村人A,4,志保,592
05/01,7,村人A,5,未来,528
05/01,7,村人A,6,美奈子,493
05/01,7,村人A,7,可奈,335
05/01,7,村人A,8,千鶴,273
05/01,7,村人A,9,亜利沙,234
05/01,7,村人A,10,琴葉,227
05/01,8,村人A,1,ロコ,17401
05/01,8,村人A,2,茜,1045
05/01,8,村人A,3,ひなた,678
05/01,8,村人A,4,志保,592
05/01,8,村人A,5,未来,528
05/01,8,村人A,6,美奈子,493
05/01,8,村人A,7,可奈,335
05/01,8,村人A,8,千鶴,273
05/01,8,村人A,9,亜利沙,234
05/01,8,村人A,10,琴葉,227
05/01,9,村人A,1,ロコ,17551
05/01,9,村人A,2,茜,1046
05/01,9,村人A,3,ひなた,681
05/01,9,村人A,4,未来,614
05/01,9,村人A,5,志保,597
05/01,9,村人A,6,美奈子,493
05/01,9,村人A,7,可奈,336
05/01,9,村人A,8,千鶴,273
05/01,9,村人A,9,亜利沙,234
05/01,9,村人A,10,琴葉,233
05/01,10,村人A,1,ロコ,17618
05/01,10,村人A,2,茜,1050
05/01,10,村人A,3,ひなた,683
05/01,10,村人A,4,未来,617
05/01,10,村人A,5,志保,599
05/01,10,村人A,6,美奈子,493
05/01,10,村人A,7,可奈,337
05/01,10,村人A,8,亜利沙,285
05/01,10,村人A,9,千鶴,274
05/01,10,村人A,10,琴葉,233
05/01,11,村人A,1,ロコ,17658
05/01,11,村人A,2,茜,1071
05/01,11,村人A,3,ひなた,693
05/01,11,村人A,4,未来,621
05/01,11,村人A,5,志保,601
05/01,11,村人A,6,美奈子,493
05/01,11,村人A,7,可奈,338
05/01,11,村人A,8,亜利沙,285
05/01,11,村人A,9,千鶴,274
05/01,11,村人A,10,琴葉,236
05/01,12,村人A,1,ロコ,17756
05/01,12,村人A,2,茜,1075
05/01,12,村人A,3,ひなた,701
05/01,12,村人A,4,未来,621
05/01,12,村人A,5,志保,601
05/01,12,村人A,6,美奈子,493
05/01,12,村人A,7,可奈,352
05/01,12,村人A,8,亜利沙,285
05/01,12,村人A,9,千鶴,276
05/01,12,村人A,10,琴葉,237
05/01,13,村人A,1,ロコ,17932
05/01,13,村人A,2,茜,1088
05/01,13,村人A,3,ひなた,706
05/01,13,村人A,4,未来,624
05/01,13,村人A,5,志保,601
05/01,13,村人A,6,美奈子,493
05/01,13,村人A,7,可奈,352
05/01,13,村人A,8,亜利沙,286
05/01,13,村人A,9,千鶴,278
05/01,13,村人A,10,琴葉,237
05/01,14,村人A,1,ロコ,17954
05/01,14,村人A,2,茜,1089
05/01,14,村人A,3,ひなた,730
05/01,14,村人A,4,未来,625
05/01,14,村人A,5,志保,601
05/01,14,村人A,6,美奈子,494
05/01,14,村人A,7,可奈,358
05/01,14,村人A,8,亜利沙,286
05/01,14,村人A,9,千鶴,278
05/01,14,村人A,10,琴葉,238
05/01,15,村人A,1,ロコ,18071
05/01,15,村人A,2,茜,1090
05/01,15,村人A,3,ひなた,731
05/01,15,村人A,4,未来,628
05/01,15,村人A,5,志保,602
05/01,15,村人A,6,美奈子,494
05/01,15,村人A,7,可奈,362
05/01,15,村人A,8,亜利沙,286
05/01,15,村人A,9,千鶴,278
05/01,15,村人A,10,紗代子,250
05/01,16,村人A,1,ロコ,18148
05/01,16,村人A,2,茜,1090
05/01,16,村人A,3,ひなた,832
05/01,16,村人A,4,未来,629
05/01,16,村人A,5,志保,606
05/01,16,村人A,6,美奈子,494
05/01,16,村人A,7,可奈,373
05/01,16,村人A,8,亜利沙,288
05/01,16,村人A,9,千鶴,278
05/01,16,村人A,10,紗代子,250
05/01,17,村人A,1,ロコ,18292
05/01,17,村人A,2,茜,1092
05/01,17,村人A,3,ひなた,841
05/01,17,村人A,4,未来,630
05/01,17,村人A,5,志保,606
05/01,17,村人A,6,美奈子,495
05/01,17,村人A,7,可奈,373
05/01,17,村人A,8,亜利沙,289
05/01,17,村人A,9,千鶴,279
05/01,17,村人A,10,紗代子,250
05/01,18,村人A,1,ロコ,18327
05/01,18,村人A,2,茜,1093
05/01,18,村人A,3,ひなた,852
05/01,18,村人A,4,志保,706
05/01,18,村人A,5,未来,632
05/01,18,村人A,6,美奈子,496
05/01,18,村人A,7,可奈,374
05/01,18,村人A,8,亜利沙,289
05/01,18,村人A,9,千鶴,279
05/01,18,村人A,10,紗代子,251
05/01,19,村人A,1,ロコ,18369
05/01,19,村人A,2,茜,1096
05/01,19,村人A,3,ひなた,854
05/01,19,村人A,4,志保,707
05/01,19,村人A,5,未来,640
05/01,19,村人A,6,美奈子,497
05/01,19,村人A,7,可奈,375
05/01,19,村人A,8,亜利沙,290
05/01,19,村人A,9,千鶴,279
05/01,19,村人A,10,紗代子,254
05/01,20,村人A,1,ロコ,18514
05/01,20,村人A,2,茜,1098
05/01,20,村人A,3,ひなた,859
05/01,20,村人A,4,志保,723
05/01,20,村人A,5,未来,640
05/01,20,村人A,6,美奈子,498
05/01,20,村人A,7,可奈,375
05/01,20,村人A,8,亜利沙,290
05/01,20,村人A,9,千鶴,279
05/01,20,村人A,10,紗代子,256
05/01,21,村人A,1,ロコ,18597
05/01,21,村人A,2,茜,1125
05/01,21,村人A,3,ひなた,867
05/01,21,村人A,4,志保,748
05/01,21,村人A,5,未来,645
05/01,21,村人A,6,美奈子,500
05/01,21,村人A,7,可奈,377
05/01,21,村人A,8,亜利沙,290
05/01,21,村人A,9,千鶴,283
05/01,21,村人A,10,紗代子,256
05/01,22,村人A,1,ロコ,18943
05/01,22,村人A,2,茜,1125
05/01,22,村人A,3,ひなた,880
05/01,22,村人A,4,志保,748
05/01,22,村人A,5,未来,650
05/01,22,村人A,6,美奈子,501
05/01,22,村人A,7,可奈,379
05/01,22,村人A,8,亜利沙,290
05/01,22,村人A,9,千鶴,284
05/01,22,村人A,10,紗代子,256
05/01,23,村人A,1,ロコ,19128
05/01,23,村人A,2,茜,1196
05/01,23,村人A,3,ひなた,893
05/01,23,村人A,4,志保,749
05/01,23,村人A,5,未来,659
05/01,23,村人A,6,美奈子,502
05/01,23,村人A,7,可奈,379
05/01,23,村人A,8,亜利沙,291
05/01,23,村人A,9,千鶴,285
05/01,23,村人A,10,紗代子,257
05/02,0,村人A,1,ロコ,19434
05/02,0,村人A,2,茜,1227
05/02,0,村人A,3,ひなた,910
05/02,0,村人A,4,志保,749
05/02,0,村人A,5,未来,662
05/02,0,村人A,6,美奈子,505
05/02,0,村人A,7,可奈,386
05/02,0,村人A,8,亜利沙,296
05/02,0,村人A,9,千鶴,287
05/02,0,村人A,10,紗代子,273
05/02,1,村人A,1,ロコ,19664
05/02,1,村人A,2,茜,1237
05/02,1,村人A,3,ひなた,922
05/02,1,村人A,4,志保,749
05/02,1,村人A,5,未来,670
05/02,1,村人A,6,美奈子,518
05/02,1,村人A,7,可奈,392
05/02,1,村人A,8,亜利沙,300
05/02,1,村人A,9,千鶴,290
05/02,1,村人A,10,紗代子,273
05/02,2,村人A,1,ロコ,19923
05/02,2,村人A,2,茜,1247
05/02,2,村人A,3,ひなた,928
05/02,2,村人A,4,志保,750
05/02,2,村人A,5,未来,674
05/02,2,村人A,6,美奈子,519
05/02,2,村人A,7,可奈,393
05/02,2,村人A,8,亜利沙,302
05/02,2,村人A,9,千鶴,293
05/02,2,村人A,10,紗代子,277
05/02,3,村人A,1,ロコ,20105
05/02,3,村人A,2,茜,1250
05/02,3,村人A,3,ひなた,934
05/02,3,村人A,4,未来,770
05/02,3,村人A,5,志保,750
05/02,3,村人A,6,美奈子,519
05/02,3,村人A,7,可奈,394
05/02,3,村人A,8,亜利沙,302
05/02,3,村人A,9,千鶴,293
05/02,3,村人A,10,紗代子,277
05/02,4,村人A,1,ロコ,20136
05/02,4,村人A,2,茜,1257
05/02,4,村人A,3,ひなた,935
05/02,4,村人A,4,未来,775
05/02,4,村人A,5,志保,750
05/02,4,村人A,6,美奈子,519
05/02,4,村人A,7,可奈,394
05/02,4,村人A,8,亜利沙,302
05/02,4,村人A,9,千鶴,293
05/02,4,村人A,10,紗代子,277
05/02,5,村人A,1,ロコ,20165
05/02,5,村人A,2,茜,1278
05/02,5,村人A,3,ひなた,940
05/02,5,村人A,4,未来,775
05/02,5,村人A,5,志保,750
05/02,5,村人A,6,美奈子,519
05/02,5,村人A,7,可奈,394
05/02,5,村人A,8,亜利沙,307
05/02,5,村人A,9,千鶴,293
05/02,5,村人A,10,紗代子,277
05/02,6,村人A,1,ロコ,20303
05/02,6,村人A,2,茜,1281
05/02,6,村人A,3,ひなた,940
05/02,6,村人A,4,未来,778
05/02,6,村人A,5,志保,750
05/02,6,村人A,6,美奈子,519
05/02,6,村人A,7,可奈,396
05/02,6,村人A,8,亜利沙,307
05/02,6,村人A,9,千鶴,294
05/02,6,村人A,10,紗代子,277
05/02,7,村人A,1,ロコ,20347
05/02,7,村人A,2,茜,1283
05/02,7,村人A,3,ひなた,940
05/02,7,村人A,4,未来,782
05/02,7,村人A,5,志保,751
05/02,7,村人A,6,美奈子,520
05/02,7,村人A,7,可奈,399
05/02,7,村人A,8,亜利沙,307
05/02,7,村人A,9,千鶴,294
05/02,7,村人A,10,紗代子,277
05/02,8,村人A,1,ロコ,20549
05/02,8,村人A,2,茜,1296
05/02,8,村人A,3,ひなた,947
05/02,8,村人A,4,未来,791
05/02,8,村人A,5,志保,751
05/02,8,村人A,6,美奈子,520
05/02,8,村人A,7,可奈,401
05/02,8,村人A,8,亜利沙,308
05/02,8,村人A,9,千鶴,294
05/02,8,村人A,10,紗代子,288
05/02,9,村人A,1,ロコ,20936
05/02,9,村人A,2,茜,1300
05/02,9,村人A,3,ひなた,978
05/02,9,村人A,4,未来,793
05/02,9,村人A,5,志保,753
05/02,9,村人A,6,美奈子,521
05/02,9,村人A,7,可奈,406
05/02,9,村人A,8,亜利沙,310
05/02,9,村人A,9,千鶴,294
05/02,9,村人A,10,紗代子,288
