๚t,ิ,๐,ส,ผO,พ[
04/19,2,ค,1,ิ,587
04/19,2,ค,2,ย่,264
04/19,2,ค,3,u,72
04/19,2,ค,4,ว,68
04/19,2,ค,5,ิ,52
04/19,2,ค,6,Sq,44
04/19,2,ค,7,ํิ,43
04/19,2,ค,8,ฑฬ,42
04/19,2,ค,9,ย๗,34
04/19,2,ค,10,ไป,34
04/19,3,ค,1,ิ,614
04/19,3,ค,2,ย่,265
04/19,3,ค,3,u,77
04/19,3,ค,4,ว,68
04/19,3,ค,5,ิ,54
04/19,3,ค,6,Sq,45
04/19,3,ค,7,ํิ,43
04/19,3,ค,8,ฑฬ,42
04/19,3,ค,9,ไป,36
04/19,3,ค,10,ย๗,36
04/19,4,ค,1,ิ,618
04/19,4,ค,2,ย่,268
04/19,4,ค,3,u,81
04/19,4,ค,4,ว,68
04/19,4,ค,5,ิ,54
04/19,4,ค,6,Sq,46
04/19,4,ค,7,ํิ,44
04/19,4,ค,8,ฑฬ,43
04/19,4,ค,9,ไป,37
04/19,4,ค,10,ย๗,36
04/19,5,ค,1,ิ,629
04/19,5,ค,2,ย่,269
04/19,5,ค,3,u,81
04/19,5,ค,4,ว,69
04/19,5,ค,5,ิ,54
04/19,5,ค,6,Sq,47
04/19,5,ค,7,ํิ,44
04/19,5,ค,8,ฑฬ,44
04/19,5,ค,9,ไป,37
04/19,5,ค,10,ย๗,36
04/19,6,ค,1,ิ,641
04/19,6,ค,2,ย่,270
04/19,6,ค,3,u,81
04/19,6,ค,4,ว,71
04/19,6,ค,5,ิ,56
04/19,6,ค,6,Sq,47
04/19,6,ค,7,ํิ,44
04/19,6,ค,8,ฑฬ,44
04/19,6,ค,9,ไป,37
04/19,6,ค,10,ย๗,36
04/19,7,ค,1,ิ,660
04/19,7,ค,2,ย่,273
04/19,7,ค,3,u,85
04/19,7,ค,4,ว,71
04/19,7,ค,5,ิ,58
04/19,7,ค,6,Sq,48
04/19,7,ค,7,ฑฬ,46
04/19,7,ค,8,ํิ,45
04/19,7,ค,9,ไป,40
04/19,7,ค,10,ย๗,36
04/19,8,ค,1,ิ,696
04/19,8,ค,2,ย่,281
04/19,8,ค,3,u,86
04/19,8,ค,4,ว,73
04/19,8,ค,5,ิ,58
04/19,8,ค,6,ฑฬ,50
04/19,8,ค,7,Sq,49
04/19,8,ค,8,ํิ,45
04/19,8,ค,9,ไป,40
04/19,8,ค,10,ย๗,37
04/19,9,ค,1,ิ,723
04/19,9,ค,2,ย่,285
04/19,9,ค,3,u,86
04/19,9,ค,4,ว,75
04/19,9,ค,5,ิ,59
04/19,9,ค,6,ฑฬ,52
04/19,9,ค,7,Sq,50
04/19,9,ค,8,ํิ,46
04/19,9,ค,9,ไป,40
04/19,9,ค,10,ย๗,38
04/19,10,ค,1,ิ,734
04/19,10,ค,2,ย่,295
04/19,10,ค,3,u,86
04/19,10,ค,4,ว,76
04/19,10,ค,5,ิ,63
04/19,10,ค,6,ฑฬ,52
04/19,10,ค,7,Sq,50
04/19,10,ค,8,ํิ,46
04/19,10,ค,9,ไป,40
04/19,10,ค,10,ย๗,39
04/19,11,ค,1,ิ,749
04/19,11,ค,2,ย่,295
04/19,11,ค,3,u,86
04/19,11,ค,4,ว,76
04/19,11,ค,5,ิ,64
04/19,11,ค,6,ฑฬ,52
04/19,11,ค,7,ํิ,52
04/19,11,ค,8,Sq,50
04/19,11,ค,9,ไป,40
04/19,11,ค,10,ย๗,39
04/19,12,ค,1,ิ,764
04/19,12,ค,2,ย่,299
04/19,12,ค,3,u,86
04/19,12,ค,4,ว,76
04/19,12,ค,5,ิ,65
04/19,12,ค,6,ฑฬ,54
04/19,12,ค,7,ํิ,52
04/19,12,ค,8,Sq,50
04/19,12,ค,9,ไป,40
04/19,12,ค,10,ย๗,39
04/19,13,ค,1,ิ,792
04/19,13,ค,2,ย่,307
04/19,13,ค,3,u,89
04/19,13,ค,4,ว,77
04/19,13,ค,5,ิ,66
04/19,13,ค,6,ฑฬ,55
04/19,13,ค,7,ํิ,53
04/19,13,ค,8,Sq,50
04/19,13,ค,9,ไป,40
04/19,13,ค,10,ย๗,40
04/19,14,ค,1,ิ,802
04/19,14,ค,2,ย่,308
04/19,14,ค,3,u,89
04/19,14,ค,4,ว,78
04/19,14,ค,5,ิ,69
04/19,14,ค,6,ฑฬ,57
04/19,14,ค,7,ํิ,53
04/19,14,ค,8,Sq,50
04/19,14,ค,9,ไป,40
04/19,14,ค,10,ย๗,40
04/19,15,ค,1,ิ,820
04/19,15,ค,2,ย่,309
04/19,15,ค,3,u,90
04/19,15,ค,4,ว,78
04/19,15,ค,5,ิ,71
04/19,15,ค,6,ฑฬ,57
04/19,15,ค,7,ํิ,53
04/19,15,ค,8,Sq,52
04/19,15,ค,9,ไป,40
04/19,15,ค,10,ย๗,40
04/19,16,ค,1,ิ,830
04/19,16,ค,2,ย่,311
04/19,16,ค,3,u,90
04/19,16,ค,4,ว,78
04/19,16,ค,5,ิ,71
04/19,16,ค,6,ฑฬ,57
04/19,16,ค,7,ํิ,54
04/19,16,ค,8,Sq,52
04/19,16,ค,9,ไป,40
04/19,16,ค,10,ย๗,40
04/19,17,ค,1,ิ,836
04/19,17,ค,2,ย่,318
04/19,17,ค,3,u,92
04/19,17,ค,4,ิ,79
04/19,17,ค,5,ว,78
04/19,17,ค,6,ฑฬ,57
04/19,17,ค,7,ํิ,54
04/19,17,ค,8,Sq,54
04/19,17,ค,9,ไป,40
04/19,17,ค,10,ย๗,40
04/19,18,ค,1,ิ,840
04/19,18,ค,2,ย่,318
04/19,18,ค,3,u,92
04/19,18,ค,4,ิ,79
04/19,18,ค,5,ว,78
04/19,18,ค,6,ฑฬ,57
04/19,18,ค,7,Sq,55
04/19,18,ค,8,ํิ,54
04/19,18,ค,9,ย๗,41
04/19,18,ค,10,ไป,40
04/19,19,ค,1,ิ,848
04/19,19,ค,2,ย่,323
04/19,19,ค,3,u,93
04/19,19,ค,4,ว,81
04/19,19,ค,5,ิ,79
04/19,19,ค,6,ฑฬ,59
04/19,19,ค,7,Sq,56
04/19,19,ค,8,ํิ,54
04/19,19,ค,9,ย๗,41
04/19,19,ค,10,ไป,41
04/19,20,ค,1,ิ,857
04/19,20,ค,2,ย่,326
04/19,20,ค,3,u,95
04/19,20,ค,4,ว,84
04/19,20,ค,5,ิ,80
04/19,20,ค,6,ฑฬ,59
04/19,20,ค,7,Sq,56
04/19,20,ค,8,ํิ,55
04/19,20,ค,9,ไป,42
04/19,20,ค,10,ย๗,41
04/19,21,ค,1,ิ,873
04/19,21,ค,2,ย่,327
04/19,21,ค,3,u,97
04/19,21,ค,4,ว,89
04/19,21,ค,5,ิ,81
04/19,21,ค,6,ฑฬ,61
04/19,21,ค,7,Sq,56
04/19,21,ค,8,ํิ,55
04/19,21,ค,9,ไป,42
04/19,21,ค,10,ย๗,42
04/19,22,ค,1,ิ,901
04/19,22,ค,2,ย่,333
04/19,22,ค,3,u,106
04/19,22,ค,4,ว,89
04/19,22,ค,5,ิ,83
04/19,22,ค,6,ฑฬ,62
04/19,22,ค,7,ํิ,59
04/19,22,ค,8,Sq,57
04/19,22,ค,9,ไป,44
04/19,22,ค,10,ย๗,43
04/19,23,ค,1,ิ,919
04/19,23,ค,2,ย่,343
04/19,23,ค,3,u,112
04/19,23,ค,4,ว,90
04/19,23,ค,5,ิ,86
04/19,23,ค,6,ฑฬ,63
04/19,23,ค,7,ํิ,61
04/19,23,ค,8,Sq,57
04/19,23,ค,9,ไป,45
04/19,23,ค,10,ย๗,43
04/20,0,ค,1,ิ,932
04/20,0,ค,2,ย่,351
04/20,0,ค,3,u,114
04/20,0,ค,4,ว,90
04/20,0,ค,5,ิ,87
04/20,0,ค,6,ฑฬ,67
04/20,0,ค,7,ํิ,63
04/20,0,ค,8,Sq,57
04/20,0,ค,9,ไป,46
04/20,0,ค,10,ย๗,45
04/20,1,ค,1,ิ,1040
04/20,1,ค,2,ย่,360
04/20,1,ค,3,u,131
04/20,1,ค,4,ิ,96
04/20,1,ค,5,ว,95
04/20,1,ค,6,ฑฬ,68
04/20,1,ค,7,ํิ,66
04/20,1,ค,8,Sq,60
04/20,1,ค,9,ไป,48
04/20,1,ค,10,ย๗,47
04/20,2,ค,1,ิ,1060
04/20,2,ค,2,ย่,366
04/20,2,ค,3,u,132
04/20,2,ค,4,ว,99
04/20,2,ค,5,ิ,98
04/20,2,ค,6,ฑฬ,71
04/20,2,ค,7,ํิ,69
04/20,2,ค,8,Sq,61
04/20,2,ค,9,ฉ,50
04/20,2,ค,10,ไป,50
04/20,3,ค,1,ิ,1073
04/20,3,ค,2,ย่,369
04/20,3,ค,3,u,135
04/20,3,ค,4,ว,99
04/20,3,ค,5,ิ,99
04/20,3,ค,6,ฑฬ,72
04/20,3,ค,7,ํิ,69
04/20,3,ค,8,Sq,61
04/20,3,ค,9,ฉ,50
04/20,3,ค,10,ไป,50
04/20,4,ค,1,ิ,1082
04/20,4,ค,2,ย่,371
04/20,4,ค,3,u,136
04/20,4,ค,4,ิ,101
04/20,4,ค,5,ว,99
04/20,4,ค,6,ฑฬ,72
04/20,4,ค,7,ํิ,69
04/20,4,ค,8,Sq,61
04/20,4,ค,9,ย๗,55
04/20,4,ค,10,ฉ,54
04/20,5,ค,1,ิ,1091
04/20,5,ค,2,ย่,374
04/20,5,ค,3,u,137
04/20,5,ค,4,ว,102
04/20,5,ค,5,ิ,101
04/20,5,ค,6,ฑฬ,72
04/20,5,ค,7,ํิ,69
04/20,5,ค,8,Sq,61
04/20,5,ค,9,ย๗,55
04/20,5,ค,10,ฉ,54
04/20,6,ค,1,ิ,1101
04/20,6,ค,2,ย่,374
04/20,6,ค,3,u,137
04/20,6,ค,4,ว,102
04/20,6,ค,5,ิ,101
04/20,6,ค,6,ฑฬ,73
04/20,6,ค,7,ํิ,70
04/20,6,ค,8,Sq,61
04/20,6,ค,9,ย๗,55
04/20,6,ค,10,ฉ,55
04/20,7,ค,1,ิ,1138
04/20,7,ค,2,ย่,387
04/20,7,ค,3,u,137
04/20,7,ค,4,ว,106
04/20,7,ค,5,ิ,102
04/20,7,ค,6,ฑฬ,80
04/20,7,ค,7,ํิ,73
04/20,7,ค,8,Sq,61
04/20,7,ค,9,ย๗,57
04/20,7,ค,10,ฉ,55
04/20,8,ค,1,ิ,1180
04/20,8,ค,2,ย่,394
04/20,8,ค,3,u,140
04/20,8,ค,4,ว,106
04/20,8,ค,5,ิ,103
04/20,8,ค,6,ฑฬ,80
04/20,8,ค,7,ํิ,74
04/20,8,ค,8,Sq,61
04/20,8,ค,9,ย๗,57
04/20,8,ค,10,ฉ,57
04/20,9,ค,1,ิ,1195
04/20,9,ค,2,ย่,399
04/20,9,ค,3,u,141
04/20,9,ค,4,ว,106
04/20,9,ค,5,ิ,104
04/20,9,ค,6,ฑฬ,82
04/20,9,ค,7,ํิ,74
04/20,9,ค,8,Sq,61
04/20,9,ค,9,ไป,61
04/20,9,ค,10,ย๗,59
04/20,10,ค,1,ิ,1217
04/20,10,ค,2,ย่,405
04/20,10,ค,3,u,143
04/20,10,ค,4,ิ,110
04/20,10,ค,5,ว,107
04/20,10,ค,6,ฑฬ,84
04/20,10,ค,7,ํิ,75
04/20,10,ค,8,Sq,61
04/20,10,ค,9,ไป,61
04/20,10,ค,10,ย๗,59
04/20,11,ค,1,ิ,1240
04/20,11,ค,2,ย่,410
04/20,11,ค,3,u,146
04/20,11,ค,4,ิ,112
04/20,11,ค,5,ว,108
04/20,11,ค,6,ฑฬ,87
04/20,11,ค,7,ํิ,75
04/20,11,ค,8,Sq,61
04/20,11,ค,9,ไป,61
04/20,11,ค,10,ย๗,59
04/20,12,ค,1,ิ,1257
04/20,12,ค,2,ย่,412
04/20,12,ค,3,u,147
04/20,12,ค,4,ิ,114
04/20,12,ค,5,ว,110
04/20,12,ค,6,ฑฬ,88
04/20,12,ค,7,ํิ,75
04/20,12,ค,8,ไป,62
04/20,12,ค,9,Sq,61
04/20,12,ค,10,ฉ,60
04/20,13,ค,1,ิ,1295
04/20,13,ค,2,ย่,414
04/20,13,ค,3,u,149
04/20,13,ค,4,ิ,114
04/20,13,ค,5,ว,111
04/20,13,ค,6,ฑฬ,88
04/20,13,ค,7,ํิ,75
04/20,13,ค,8,ไป,62
04/20,13,ค,9,Sq,62
04/20,13,ค,10,ฉ,60
04/20,14,ค,1,ิ,1304
04/20,14,ค,2,ย่,416
04/20,14,ค,3,u,149
04/20,14,ค,4,ิ,114
04/20,14,ค,5,ว,112
04/20,14,ค,6,ฑฬ,88
04/20,14,ค,7,ํิ,75
04/20,14,ค,8,ไป,63
04/20,14,ค,9,Sq,62
04/20,14,ค,10,ฉ,60
04/20,15,ค,1,ิ,1317
04/20,15,ค,2,ย่,417
04/20,15,ค,3,u,150
04/20,15,ค,4,ิ,114
04/20,15,ค,5,ว,113
04/20,15,ค,6,ฑฬ,88
04/20,15,ค,7,ํิ,75
04/20,15,ค,8,ไป,63
04/20,15,ค,9,Sq,62
04/20,15,ค,10,ฉ,60
04/20,16,ค,1,ิ,1323
04/20,16,ค,2,ย่,418
04/20,16,ค,3,u,150
04/20,16,ค,4,ว,115
04/20,16,ค,5,ิ,114
04/20,16,ค,6,ฑฬ,88
04/20,16,ค,7,ํิ,75
04/20,16,ค,8,ไป,63
04/20,16,ค,9,Sq,62
04/20,16,ค,10,ฉ,60
04/20,17,ค,1,ิ,1325
04/20,17,ค,2,ย่,419
04/20,17,ค,3,u,150
04/20,17,ค,4,ิ,116
04/20,17,ค,5,ว,116
04/20,17,ค,6,ฑฬ,95
04/20,17,ค,7,ํิ,75
04/20,17,ค,8,ไป,63
04/20,17,ค,9,Sq,62
04/20,17,ค,10,ฉ,60
04/20,18,ค,1,ิ,1337
04/20,18,ค,2,ย่,420
04/20,18,ค,3,u,150
04/20,18,ค,4,ว,119
04/20,18,ค,5,ิ,116
04/20,18,ค,6,ฑฬ,95
04/20,18,ค,7,ํิ,76
04/20,18,ค,8,ไป,64
04/20,18,ค,9,Sq,62
04/20,18,ค,10,ย๗,61
04/20,19,ค,1,ิ,1346
04/20,19,ค,2,ย่,423
04/20,19,ค,3,u,150
04/20,19,ค,4,ว,119
04/20,19,ค,5,ิ,119
04/20,19,ค,6,ฑฬ,95
04/20,19,ค,7,ํิ,76
04/20,19,ค,8,ไป,64
04/20,19,ค,9,ย๗,63
04/20,19,ค,10,Sq,62
04/20,20,ค,1,ิ,1371
04/20,20,ค,2,ย่,423
04/20,20,ค,3,u,151
04/20,20,ค,4,ิ,121
04/20,20,ค,5,ว,119
04/20,20,ค,6,ฑฬ,95
04/20,20,ค,7,ํิ,77
04/20,20,ค,8,ย๗,65
04/20,20,ค,9,ไป,64
04/20,20,ค,10,Sq,62
04/20,21,ค,1,ิ,1387
04/20,21,ค,2,ย่,423
04/20,21,ค,3,u,151
04/20,21,ค,4,ิ,133
04/20,21,ค,5,ว,120
04/20,21,ค,6,ฑฬ,96
04/20,21,ค,7,ํิ,80
04/20,21,ค,8,ย๗,66
04/20,21,ค,9,ไป,64
04/20,21,ค,10,Sq,62
04/20,22,ค,1,ิ,1402
04/20,22,ค,2,ย่,428
04/20,22,ค,3,u,152
04/20,22,ค,4,ิ,134
04/20,22,ค,5,ว,122
04/20,22,ค,6,ฑฬ,97
04/20,22,ค,7,ํิ,80
04/20,22,ค,8,ย๗,69
04/20,22,ค,9,ไป,66
04/20,22,ค,10,Sq,63
04/20,23,ค,1,ิ,1416
04/20,23,ค,2,ย่,431
04/20,23,ค,3,u,152
04/20,23,ค,4,ิ,138
04/20,23,ค,5,ว,123
04/20,23,ค,6,ฑฬ,97
04/20,23,ค,7,ํิ,80
04/20,23,ค,8,ย๗,70
04/20,23,ค,9,ไป,69
04/20,23,ค,10,Sq,63
04/21,0,ค,1,ิ,1434
04/21,0,ค,2,ย่,434
04/21,0,ค,3,u,156
04/21,0,ค,4,ิ,139
04/21,0,ค,5,ว,124
04/21,0,ค,6,ฑฬ,99
04/21,0,ค,7,ํิ,80
04/21,0,ค,8,ย๗,71
04/21,0,ค,9,ไป,70
04/21,0,ค,10,Sq,63
04/21,1,ค,1,ิ,1514
04/21,1,ค,2,ย่,439
04/21,1,ค,3,u,168
04/21,1,ค,4,ิ,143
04/21,1,ค,5,ว,124
04/21,1,ค,6,ฑฬ,100
04/21,1,ค,7,ํิ,84
04/21,1,ค,8,ไป,78
04/21,1,ค,9,ย๗,72
04/21,1,ค,10,ฉ,65
04/21,2,ค,1,ิ,1534
04/21,2,ค,2,ย่,447
04/21,2,ค,3,u,171
04/21,2,ค,4,ิ,147
04/21,2,ค,5,ว,124
04/21,2,ค,6,ฑฬ,100
04/21,2,ค,7,ํิ,84
04/21,2,ค,8,ไป,78
04/21,2,ค,9,ย๗,74
04/21,2,ค,10,Sq,69
04/21,3,ค,1,ิ,1550
04/21,3,ค,2,ย่,448
04/21,3,ค,3,u,173
04/21,3,ค,4,ิ,152
04/21,3,ค,5,ว,124
04/21,3,ค,6,ฑฬ,101
04/21,3,ค,7,ํิ,84
04/21,3,ค,8,ไป,78
04/21,3,ค,9,ย๗,75
04/21,3,ค,10,Sq,69
04/21,4,ค,1,ิ,1552
04/21,4,ค,2,ย่,448
04/21,4,ค,3,u,175
04/21,4,ค,4,ิ,152
04/21,4,ค,5,ว,124
04/21,4,ค,6,ฑฬ,101
04/21,4,ค,7,ไป,86
04/21,4,ค,8,ํิ,84
04/21,4,ค,9,ย๗,77
04/21,4,ค,10,Sq,69
04/21,5,ค,1,ิ,1559
04/21,5,ค,2,ย่,448
04/21,5,ค,3,u,176
04/21,5,ค,4,ิ,155
04/21,5,ค,5,ว,125
04/21,5,ค,6,ฑฬ,102
04/21,5,ค,7,ไป,86
04/21,5,ค,8,ํิ,84
04/21,5,ค,9,ย๗,77
04/21,5,ค,10,Sq,69
04/21,6,ค,1,ิ,1564
04/21,6,ค,2,ย่,450
04/21,6,ค,3,u,176
04/21,6,ค,4,ิ,156
04/21,6,ค,5,ว,125
04/21,6,ค,6,ฑฬ,102
04/21,6,ค,7,ไป,86
04/21,6,ค,8,ํิ,84
04/21,6,ค,9,ย๗,77
04/21,6,ค,10,Sq,69
04/21,7,ค,1,ิ,1568
04/21,7,ค,2,ย่,461
04/21,7,ค,3,u,176
04/21,7,ค,4,ิ,160
04/21,7,ค,5,ว,127
04/21,7,ค,6,ฑฬ,106
04/21,7,ค,7,ไป,88
04/21,7,ค,8,ํิ,84
04/21,7,ค,9,ย๗,78
04/21,7,ค,10,Sq,69
04/21,8,ค,1,ิ,1591
04/21,8,ค,2,ย่,469
04/21,8,ค,3,u,176
04/21,8,ค,4,ิ,160
04/21,8,ค,5,ว,128
04/21,8,ค,6,ฑฬ,106
04/21,8,ค,7,ไป,100
04/21,8,ค,8,ํิ,84
04/21,8,ค,9,ย๗,79
04/21,8,ค,10,Sq,72
04/21,9,ค,1,ิ,1612
04/21,9,ค,2,ย่,471
04/21,9,ค,3,u,179
04/21,9,ค,4,ิ,160
04/21,9,ค,5,ว,133
04/21,9,ค,6,ฑฬ,110
04/21,9,ค,7,ไป,102
04/21,9,ค,8,ํิ,85
04/21,9,ค,9,ย๗,79
04/21,9,ค,10,Sq,72
04/21,10,ค,1,ิ,1628
04/21,10,ค,2,ย่,478
04/21,10,ค,3,u,179
04/21,10,ค,4,ิ,160
04/21,10,ค,5,ว,133
04/21,10,ค,6,ฑฬ,110
04/21,10,ค,7,ไป,102
04/21,10,ค,8,ํิ,85
04/21,10,ค,9,ย๗,79
04/21,10,ค,10,Sq,72
04/21,11,ค,1,ิ,1632
04/21,11,ค,2,ย่,485
04/21,11,ค,3,u,179
04/21,11,ค,4,ิ,160
04/21,11,ค,5,ว,133
04/21,11,ค,6,ฑฬ,110
04/21,11,ค,7,ไป,102
04/21,11,ค,8,ํิ,85
04/21,11,ค,9,ย๗,79
04/21,11,ค,10,Sq,72
04/21,12,ค,1,ิ,1643
04/21,12,ค,2,ย่,485
04/21,12,ค,3,u,181
04/21,12,ค,4,ิ,161
04/21,12,ค,5,ว,133
04/21,12,ค,6,ฑฬ,110
04/21,12,ค,7,ไป,102
04/21,12,ค,8,ํิ,85
04/21,12,ค,9,ย๗,79
04/21,12,ค,10,Sq,72
04/21,13,ค,1,ิ,1666
04/21,13,ค,2,ย่,488
04/21,13,ค,3,u,181
04/21,13,ค,4,ิ,162
04/21,13,ค,5,ว,133
04/21,13,ค,6,ฑฬ,110
04/21,13,ค,7,ไป,102
04/21,13,ค,8,ํิ,85
04/21,13,ค,9,ย๗,79
04/21,13,ค,10,Sq,73
04/21,14,ค,1,ิ,1688
04/21,14,ค,2,ย่,489
04/21,14,ค,3,u,181
04/21,14,ค,4,ิ,167
04/21,14,ค,5,ว,134
04/21,14,ค,6,ฑฬ,110
04/21,14,ค,7,ไป,102
04/21,14,ค,8,ํิ,86
04/21,14,ค,9,ย๗,79
04/21,14,ค,10,Sq,73
04/21,15,ค,1,ิ,1700
04/21,15,ค,2,ย่,490
04/21,15,ค,3,u,183
04/21,15,ค,4,ิ,167
04/21,15,ค,5,ว,134
04/21,15,ค,6,ฑฬ,111
04/21,15,ค,7,ไป,102
04/21,15,ค,8,ํิ,86
04/21,15,ค,9,ย๗,80
04/21,15,ค,10,Sq,74
04/21,16,ค,1,ิ,1710
04/21,16,ค,2,ย่,490
04/21,16,ค,3,u,183
04/21,16,ค,4,ิ,168
04/21,16,ค,5,ว,134
04/21,16,ค,6,ฑฬ,111
04/21,16,ค,7,ไป,102
04/21,16,ค,8,ํิ,86
04/21,16,ค,9,ย๗,80
04/21,16,ค,10,Sq,74
04/21,17,ค,1,ิ,1724
04/21,17,ค,2,ย่,490
04/21,17,ค,3,u,183
04/21,17,ค,4,ิ,173
04/21,17,ค,5,ว,135
04/21,17,ค,6,ฑฬ,111
04/21,17,ค,7,ไป,102
04/21,17,ค,8,ํิ,86
04/21,17,ค,9,ย๗,80
04/21,17,ค,10,Sq,74
04/21,18,ค,1,ิ,1749
04/21,18,ค,2,ย่,492
04/21,18,ค,3,u,184
04/21,18,ค,4,ิ,173
04/21,18,ค,5,ว,135
04/21,18,ค,6,ฑฬ,111
04/21,18,ค,7,ไป,104
04/21,18,ค,8,ํิ,86
04/21,18,ค,9,ย๗,80
04/21,18,ค,10,Sq,74
04/21,19,ค,1,ิ,1758
04/21,19,ค,2,ย่,492
04/21,19,ค,3,u,184
04/21,19,ค,4,ิ,177
04/21,19,ค,5,ว,135
04/21,19,ค,6,ฑฬ,113
04/21,19,ค,7,ไป,105
04/21,19,ค,8,ํิ,86
04/21,19,ค,9,ย๗,80
04/21,19,ค,10,Sq,76
04/21,20,ค,1,ิ,1780
04/21,20,ค,2,ย่,493
04/21,20,ค,3,u,185
04/21,20,ค,4,ิ,180
04/21,20,ค,5,ว,135
04/21,20,ค,6,ฑฬ,114
04/21,20,ค,7,ไป,106
04/21,20,ค,8,ํิ,86
04/21,20,ค,9,ย๗,80
04/21,20,ค,10,Sq,76
04/21,21,ค,1,ิ,1805
04/21,21,ค,2,ย่,495
04/21,21,ค,3,u,185
04/21,21,ค,4,ิ,180
04/21,21,ค,5,ว,135
04/21,21,ค,6,ฑฬ,115
04/21,21,ค,7,ไป,106
04/21,21,ค,8,ํิ,89
04/21,21,ค,9,ย๗,80
04/21,21,ค,10,Sq,76
04/21,22,ค,1,ิ,1843
04/21,22,ค,2,ย่,503
04/21,22,ค,3,u,187
04/21,22,ค,4,ิ,185
04/21,22,ค,5,ว,136
04/21,22,ค,6,ฑฬ,116
04/21,22,ค,7,ไป,108
04/21,22,ค,8,ํิ,90
04/21,22,ค,9,ย๗,81
04/21,22,ค,10,Sq,77
04/21,23,ค,1,ิ,1855
04/21,23,ค,2,ย่,509
04/21,23,ค,3,u,187
04/21,23,ค,4,ิ,185
04/21,23,ค,5,ว,136
04/21,23,ค,6,ฑฬ,117
04/21,23,ค,7,ไป,110
04/21,23,ค,8,ํิ,92
04/21,23,ค,9,ย๗,81
04/21,23,ค,10,Sq,80
04/22,0,ค,1,ิ,1881
04/22,0,ค,2,ย่,513
04/22,0,ค,3,u,188
04/22,0,ค,4,ิ,187
04/22,0,ค,5,ว,136
04/22,0,ค,6,ฑฬ,117
04/22,0,ค,7,ไป,111
04/22,0,ค,8,ํิ,92
04/22,0,ค,9,ย๗,81
04/22,0,ค,10,Sq,80
04/22,1,ค,1,ิ,1987
04/22,1,ค,2,ย่,523
04/22,1,ค,3,u,192
04/22,1,ค,4,ิ,187
04/22,1,ค,5,ว,152
04/22,1,ค,6,ฑฬ,118
04/22,1,ค,7,ไป,111
04/22,1,ค,8,ํิ,92
04/22,1,ค,9,ย๗,81
04/22,1,ค,10,Sq,81
04/22,2,ค,1,ิ,2004
04/22,2,ค,2,ย่,530
04/22,2,ค,3,u,195
04/22,2,ค,4,ิ,193
04/22,2,ค,5,ว,152
04/22,2,ค,6,ฑฬ,119
04/22,2,ค,7,ไป,111
04/22,2,ค,8,ํิ,92
04/22,2,ค,9,ย๗,90
04/22,2,ค,10,Sq,82
04/22,3,ค,1,ิ,2013
04/22,3,ค,2,ย่,530
04/22,3,ค,3,ิ,198
04/22,3,ค,4,u,195
04/22,3,ค,5,ว,152
04/22,3,ค,6,ฑฬ,119
04/22,3,ค,7,ไป,113
04/22,3,ค,8,ํิ,92
04/22,3,ค,9,ย๗,91
04/22,3,ค,10,Sq,83
04/22,4,ค,1,ิ,2019
04/22,4,ค,2,ย่,531
04/22,4,ค,3,ิ,198
04/22,4,ค,4,u,195
04/22,4,ค,5,ว,152
04/22,4,ค,6,ฑฬ,119
04/22,4,ค,7,ไป,113
04/22,4,ค,8,ํิ,92
04/22,4,ค,9,ย๗,91
04/22,4,ค,10,Sq,83
04/22,5,ค,1,ิ,2023
04/22,5,ค,2,ย่,536
04/22,5,ค,3,ิ,198
04/22,5,ค,4,u,196
04/22,5,ค,5,ว,152
04/22,5,ค,6,ฑฬ,119
04/22,5,ค,7,ไป,113
04/22,5,ค,8,ํิ,92
04/22,5,ค,9,ย๗,92
04/22,5,ค,10,Sq,83
04/22,6,ค,1,ิ,2025
04/22,6,ค,2,ย่,542
04/22,6,ค,3,ิ,198
04/22,6,ค,4,u,196
04/22,6,ค,5,ว,152
04/22,6,ค,6,ฑฬ,119
04/22,6,ค,7,ไป,113
04/22,6,ค,8,ย๗,93
04/22,6,ค,9,ํิ,92
04/22,6,ค,10,Sq,89
04/22,7,ค,1,ิ,2036
04/22,7,ค,2,ย่,543
04/22,7,ค,3,ิ,198
04/22,7,ค,4,u,196
04/22,7,ค,5,ว,156
04/22,7,ค,6,ฑฬ,120
04/22,7,ค,7,ไป,113
04/22,7,ค,8,ํิ,94
04/22,7,ค,9,ย๗,93
04/22,7,ค,10,Sq,89
04/22,8,ค,1,ิ,2049
04/22,8,ค,2,ย่,546
04/22,8,ค,3,ิ,207
04/22,8,ค,4,u,196
04/22,8,ค,5,ว,157
04/22,8,ค,6,ฑฬ,126
04/22,8,ค,7,ไป,113
04/22,8,ค,8,ํิ,94
04/22,8,ค,9,ย๗,93
04/22,8,ค,10,Sq,89
04/22,9,ค,1,ิ,2063
04/22,9,ค,2,ย่,549
04/22,9,ค,3,ิ,210
04/22,9,ค,4,u,196
04/22,9,ค,5,ว,157
04/22,9,ค,6,ฑฬ,126
04/22,9,ค,7,ไป,113
04/22,9,ค,8,ํิ,94
04/22,9,ค,9,ย๗,93
04/22,9,ค,10,Sq,89
04/22,10,ค,1,ิ,2066
04/22,10,ค,2,ย่,549
04/22,10,ค,3,ิ,212
04/22,10,ค,4,u,197
04/22,10,ค,5,ว,157
04/22,10,ค,6,ฑฬ,127
04/22,10,ค,7,ไป,113
04/22,10,ค,8,ํิ,94
04/22,10,ค,9,ย๗,93
04/22,10,ค,10,Sq,89
04/22,11,ค,1,ิ,2098
04/22,11,ค,2,ย่,556
04/22,11,ค,3,ิ,213
04/22,11,ค,4,u,199
04/22,11,ค,5,ว,157
04/22,11,ค,6,ฑฬ,127
04/22,11,ค,7,ไป,125
04/22,11,ค,8,ํิ,94
04/22,11,ค,9,ย๗,93
04/22,11,ค,10,Sq,89
04/22,12,ค,1,ิ,2103
04/22,12,ค,2,ย่,556
04/22,12,ค,3,ิ,223
04/22,12,ค,4,u,203
04/22,12,ค,5,ว,157
04/22,12,ค,6,ฑฬ,127
04/22,12,ค,7,ไป,125
04/22,12,ค,8,ํิ,94
04/22,12,ค,9,ย๗,93
04/22,12,ค,10,Sq,89
04/22,13,ค,1,ิ,2119
04/22,13,ค,2,ย่,560
04/22,13,ค,3,ิ,223
04/22,13,ค,4,u,204
04/22,13,ค,5,ว,157
04/22,13,ค,6,ฑฬ,127
04/22,13,ค,7,ไป,127
04/22,13,ค,8,ํิ,94
04/22,13,ค,9,ย๗,94
04/22,13,ค,10,Sq,89
04/22,14,ค,1,ิ,2122
04/22,14,ค,2,ย่,562
04/22,14,ค,3,ิ,225
04/22,14,ค,4,u,206
04/22,14,ค,5,ว,159
04/22,14,ค,6,ฑฬ,127
04/22,14,ค,7,ไป,127
04/22,14,ค,8,ํิ,94
04/22,14,ค,9,ย๗,94
04/22,14,ค,10,Sq,89
04/22,17,ค,1,ิ,2124
04/22,17,ค,2,ย่,563
04/22,17,ค,3,ิ,229
04/22,17,ค,4,u,206
04/22,17,ค,5,ว,159
04/22,17,ค,6,ฑฬ,127
04/22,17,ค,7,ไป,127
04/22,17,ค,8,ํิ,94
04/22,17,ค,9,ย๗,94
04/22,17,ค,10,Sq,89
04/22,18,ค,1,ิ,2282
04/22,18,ค,2,ย่,566
04/22,18,ค,3,ิ,229
04/22,18,ค,4,u,213
04/22,18,ค,5,ว,161
04/22,18,ค,6,ไป,129
04/22,18,ค,7,ฑฬ,127
04/22,18,ค,8,ย๗,95
04/22,18,ค,9,ํิ,95
04/22,18,ค,10,Sq,89
04/22,19,ค,1,ิ,2549
04/22,19,ค,2,ย่,585
04/22,19,ค,3,ิ,246
04/22,19,ค,4,u,213
04/22,19,ค,5,ว,161
04/22,19,ค,6,ไป,133
04/22,19,ค,7,ฑฬ,128
04/22,19,ค,8,ํิ,96
04/22,19,ค,9,ย๗,95
04/22,19,ค,10,Sq,89
04/22,20,ค,1,ิ,3000
04/22,20,ค,2,ย่,601
04/22,20,ค,3,ิ,247
04/22,20,ค,4,u,215
04/22,20,ค,5,ว,162
04/22,20,ค,6,ไป,133
04/22,20,ค,7,ฑฬ,130
04/22,20,ค,8,ํิ,98
04/22,20,ค,9,Sq,98
04/22,20,ค,10,ย๗,95
04/22,23,ค,1,ิ,3096
04/22,23,ค,2,ย่,615
04/22,23,ค,3,ิ,247
04/22,23,ค,4,u,216
04/22,23,ค,5,ว,162
04/22,23,ค,6,ไป,133
04/22,23,ค,7,ฑฬ,130
04/22,23,ค,8,ํิ,119
04/22,23,ค,9,Sq,101
04/22,23,ค,10,ย๗,95
04/23,0,ค,1,ิ,3236
04/23,0,ค,2,ย่,654
04/23,0,ค,3,ิ,247
04/23,0,ค,4,u,222
04/23,0,ค,5,ว,163
04/23,0,ค,6,ไป,150
04/23,0,ค,7,ฑฬ,134
04/23,0,ค,8,ํิ,119
04/23,0,ค,9,Sq,101
04/23,0,ค,10,ย๗,95
04/23,1,ค,1,ิ,3706
04/23,1,ค,2,ย่,681
04/23,1,ค,3,ิ,250
04/23,1,ค,4,u,225
04/23,1,ค,5,ฑฬ,185
04/23,1,ค,6,ไป,176
04/23,1,ค,7,ว,170
04/23,1,ค,8,ํิ,119
04/23,1,ค,9,Sq,104
04/23,1,ค,10,ฉ,102
04/23,2,ค,1,ิ,3843
04/23,2,ค,2,ย่,720
04/23,2,ค,3,ิ,273
04/23,2,ค,4,u,261
04/23,2,ค,5,ฑฬ,187
04/23,2,ค,6,ไป,177
04/23,2,ค,7,ว,170
04/23,2,ค,8,ํิ,120
04/23,2,ค,9,Sq,107
04/23,2,ค,10,ฉ,103
04/23,3,ค,1,ิ,3871
04/23,3,ค,2,ย่,734
04/23,3,ค,3,ิ,273
04/23,3,ค,4,u,262
04/23,3,ค,5,ฑฬ,187
04/23,3,ค,6,ไป,177
04/23,3,ค,7,ว,170
04/23,3,ค,8,ฏิ,129
04/23,3,ค,9,ํิ,120
04/23,3,ค,10,Sq,112
04/23,4,ค,1,ิ,3882
04/23,4,ค,2,ย่,736
04/23,4,ค,3,ิ,349
04/23,4,ค,4,u,275
04/23,4,ค,5,ไป,202
04/23,4,ค,6,ฑฬ,187
04/23,4,ค,7,ว,181
04/23,4,ค,8,ฏิ,134
04/23,4,ค,9,ํิ,120
04/23,4,ค,10,Sq,112
04/23,5,ค,1,ิ,3974
04/23,5,ค,2,ย่,741
04/23,5,ค,3,ิ,349
04/23,5,ค,4,u,275
04/23,5,ค,5,ไป,203
04/23,5,ค,6,ฑฬ,187
04/23,5,ค,7,ว,181
04/23,5,ค,8,ย๗,176
04/23,5,ค,9,ฏิ,134
04/23,5,ค,10,ํิ,120
04/23,6,ค,1,ิ,3983
04/23,6,ค,2,ย่,742
04/23,6,ค,3,ิ,350
04/23,6,ค,4,u,289
04/23,6,ค,5,ไป,204
04/23,6,ค,6,ฑฬ,189
04/23,6,ค,7,ว,181
04/23,6,ค,8,ย๗,176
04/23,6,ค,9,ฏิ,134
04/23,6,ค,10,ํิ,120
04/23,7,ค,1,ิ,4020
04/23,7,ค,2,ย่,743
04/23,7,ค,3,ิ,371
04/23,7,ค,4,u,289
04/23,7,ค,5,ไป,208
04/23,7,ค,6,ฑฬ,191
04/23,7,ค,7,ว,181
04/23,7,ค,8,ย๗,176
04/23,7,ค,9,Sq,168
04/23,7,ค,10,ฏิ,134
04/23,8,ค,1,ิ,4089
04/23,8,ค,2,ย่,754
04/23,8,ค,3,ิ,374
04/23,8,ค,4,u,290
04/23,8,ค,5,ไป,210
04/23,8,ค,6,ฑฬ,191
04/23,8,ค,7,ว,183
04/23,8,ค,8,ย๗,177
04/23,8,ค,9,Sq,168
04/23,8,ค,10,ฏิ,135
04/23,9,ค,1,ิ,4195
04/23,9,ค,2,ย่,787
04/23,9,ค,3,ิ,407
04/23,9,ค,4,u,291
04/23,9,ค,5,ไป,213
04/23,9,ค,6,ฑฬ,199
04/23,9,ค,7,ว,183
04/23,9,ค,8,ย๗,177
04/23,9,ค,9,Sq,170
04/23,9,ค,10,ฏิ,135
04/23,10,ค,1,ิ,4272
04/23,10,ค,2,ย่,803
04/23,10,ค,3,ิ,561
04/23,10,ค,4,u,319
04/23,10,ค,5,ไป,222
04/23,10,ค,6,ฑฬ,199
04/23,10,ค,7,ว,189
04/23,10,ค,8,Sq,187
04/23,10,ค,9,ย๗,179
04/23,10,ค,10,ฉ,162
04/23,11,ค,1,ิ,4449
04/23,11,ค,2,ย่,822
04/23,11,ค,3,ิ,667
04/23,11,ค,4,u,322
04/23,11,ค,5,ไป,225
04/23,11,ค,6,ฑฬ,202
04/23,11,ค,7,ว,189
04/23,11,ค,8,Sq,187
04/23,11,ค,9,ย๗,180
04/23,11,ค,10,ฉ,168
04/23,12,ค,1,ิ,4532
04/23,12,ค,2,ย่,848
04/23,12,ค,3,ิ,703
04/23,12,ค,4,u,323
04/23,12,ค,5,ไป,233
04/23,12,ค,6,ฑฬ,205
04/23,12,ค,7,ว,192
04/23,12,ค,8,Sq,188
04/23,12,ค,9,ย๗,181
04/23,12,ค,10,ฉ,169
04/23,13,ค,1,ิ,4707
04/23,13,ค,2,ย่,858
04/23,13,ค,3,ิ,792
04/23,13,ค,4,u,327
04/23,13,ค,5,ไป,235
04/23,13,ค,6,ฑฬ,205
04/23,13,ค,7,ว,192
04/23,13,ค,8,Sq,188
04/23,13,ค,9,ย๗,181
04/23,13,ค,10,ฉ,170
04/23,14,ค,1,ิ,4925
04/23,14,ค,2,ย่,873
04/23,14,ค,3,ิ,793
04/23,14,ค,4,u,327
04/23,14,ค,5,ไป,259
04/23,14,ค,6,Sq,218
04/23,14,ค,7,ฑฬ,206
04/23,14,ค,8,ว,193
04/23,14,ค,9,ย๗,181
04/23,14,ค,10,ฉ,170
04/23,15,ค,1,ิ,5079
04/23,15,ค,2,ย่,883
04/23,15,ค,3,ิ,795
04/23,15,ค,4,u,338
04/23,15,ค,5,ไป,261
04/23,15,ค,6,ย๗,234
04/23,15,ค,7,Sq,218
04/23,15,ค,8,ฑฬ,206
04/23,15,ค,9,ว,195
04/23,15,ค,10,ฉ,172
04/23,16,ค,1,ิ,5179
04/23,16,ค,2,ย่,890
04/23,16,ค,3,ิ,795
04/23,16,ค,4,u,338
04/23,16,ค,5,ไป,262
04/23,16,ค,6,ย๗,237
04/23,16,ค,7,Sq,218
04/23,16,ค,8,ฑฬ,206
04/23,16,ค,9,ว,196
04/23,16,ค,10,ฉ,174
04/23,17,ค,1,ิ,5282
04/23,17,ค,2,ย่,913
04/23,17,ค,3,ิ,809
04/23,17,ค,4,u,348
04/23,17,ค,5,ไป,267
04/23,17,ค,6,ย๗,237
04/23,17,ค,7,Sq,218
04/23,17,ค,8,ฑฬ,206
04/23,17,ค,9,ว,197
04/23,17,ค,10,๓,181
04/23,18,ค,1,ิ,5455
04/23,18,ค,2,ย่,949
04/23,18,ค,3,ิ,900
04/23,18,ค,4,u,348
04/23,18,ค,5,ไป,267
04/23,18,ค,6,ย๗,237
04/23,18,ค,7,Sq,219
04/23,18,ค,8,ฑฬ,207
04/23,18,ค,9,ว,198
04/23,18,ค,10,๓,181
04/23,19,ค,1,ิ,5535
04/23,19,ค,2,ย่,958
04/23,19,ค,3,ิ,901
04/23,19,ค,4,u,349
04/23,19,ค,5,ไป,269
04/23,19,ค,6,ย๗,238
04/23,19,ค,7,Sq,219
04/23,19,ค,8,ฑฬ,208
04/23,19,ค,9,ว,198
04/23,19,ค,10,๓,181
04/23,20,ค,1,ิ,5666
04/23,20,ค,2,ย่,995
04/23,20,ค,3,ิ,992
04/23,20,ค,4,u,378
04/23,20,ค,5,ไป,269
04/23,20,ค,6,ย๗,241
04/23,20,ค,7,Sq,219
04/23,20,ค,8,ฑฬ,210
04/23,20,ค,9,ว,199
04/23,20,ค,10,๓,181
04/23,21,ค,1,ิ,5762
04/23,21,ค,2,ย่,1046
04/23,21,ค,3,ิ,994
04/23,21,ค,4,u,399
04/23,21,ค,5,ไป,285
04/23,21,ค,6,ย๗,241
04/23,21,ค,7,Sq,219
04/23,21,ค,8,ฑฬ,211
04/23,21,ค,9,ว,201
04/23,21,ค,10,๓,181
04/23,22,ค,1,ิ,5922
04/23,22,ค,2,ย่,1047
04/23,22,ค,3,ิ,1037
04/23,22,ค,4,u,416
04/23,22,ค,5,ไป,287
04/23,22,ค,6,ย๗,258
04/23,22,ค,7,Sq,220
04/23,22,ค,8,ฑฬ,211
04/23,22,ค,9,ว,201
04/23,22,ค,10,๓,181
04/23,23,ค,1,ิ,6002
04/23,23,ค,2,ย่,1094
04/23,23,ค,3,ิ,1039
04/23,23,ค,4,u,425
04/23,23,ค,5,ไป,291
04/23,23,ค,6,ย๗,260
04/23,23,ค,7,Sq,220
04/23,23,ค,8,ฑฬ,215
04/23,23,ค,9,ว,201
04/23,23,ค,10,ฉ,182
04/24,0,ค,1,ิ,6109
04/24,0,ค,2,ย่,1125
04/24,0,ค,3,ิ,1124
04/24,0,ค,4,u,449
04/24,0,ค,5,ไป,296
04/24,0,ค,6,ย๗,262
04/24,0,ค,7,Sq,220
04/24,0,ค,8,ฑฬ,217
04/24,0,ค,9,ว,201
04/24,0,ค,10,ฉ,183
04/24,1,ค,1,ิ,6470
04/24,1,ค,2,ิ,1180
04/24,1,ค,3,ย่,1133
04/24,1,ค,4,u,494
04/24,1,ค,5,ไป,296
04/24,1,ค,6,ย๗,273
04/24,1,ค,7,Sq,220
04/24,1,ค,8,ฑฬ,220
04/24,1,ค,9,ว,207
04/24,1,ค,10,ฉ,193
04/24,2,ค,1,ิ,6705
04/24,2,ค,2,ิ,1259
04/24,2,ค,3,ย่,1151
04/24,2,ค,4,u,498
04/24,2,ค,5,ไป,296
04/24,2,ค,6,ย๗,289
04/24,2,ค,7,ฑฬ,222
04/24,2,ค,8,Sq,220
04/24,2,ค,9,ว,207
04/24,2,ค,10,ฉ,193
04/24,3,ค,1,ิ,6844
04/24,3,ค,2,ิ,1313
04/24,3,ค,3,ย่,1245
04/24,3,ค,4,u,500
04/24,3,ค,5,ไป,296
04/24,3,ค,6,ย๗,289
04/24,3,ค,7,ฑฬ,222
04/24,3,ค,8,Sq,221
04/24,3,ค,9,ว,219
04/24,3,ค,10,ฉ,193
04/24,4,ค,1,ิ,7137
04/24,4,ค,2,ิ,1319
04/24,4,ค,3,ย่,1289
04/24,4,ค,4,u,502
04/24,4,ค,5,ไป,296
04/24,4,ค,6,ย๗,290
04/24,4,ค,7,ฑฬ,222
04/24,4,ค,8,Sq,221
04/24,4,ค,9,ว,219
04/24,4,ค,10,ฉ,193
04/24,5,ค,1,ิ,7180
04/24,5,ค,2,ิ,1327
04/24,5,ค,3,ย่,1290
04/24,5,ค,4,u,502
04/24,5,ค,5,ไป,296
04/24,5,ค,6,ย๗,291
04/24,5,ค,7,ว,230
04/24,5,ค,8,ฑฬ,226
04/24,5,ค,9,Sq,221
04/24,5,ค,10,ฉ,193
04/24,6,ค,1,ิ,7180
04/24,6,ค,2,ิ,1351
04/24,6,ค,3,ย่,1293
04/24,6,ค,4,u,503
04/24,6,ค,5,ไป,296
04/24,6,ค,6,ย๗,291
04/24,6,ค,7,ว,231
04/24,6,ค,8,ฑฬ,226
04/24,6,ค,9,Sq,222
04/24,6,ค,10,ฉ,193
04/24,7,ค,1,ิ,7189
04/24,7,ค,2,ิ,1433
04/24,7,ค,3,ย่,1375
04/24,7,ค,4,u,503
04/24,7,ค,5,ย๗,303
04/24,7,ค,6,ไป,296
04/24,7,ค,7,ว,231
04/24,7,ค,8,ฑฬ,226
04/24,7,ค,9,Sq,222
04/24,7,ค,10,ฉ,195
04/24,8,ค,1,ิ,7238
04/24,8,ค,2,ิ,1433
04/24,8,ค,3,ย่,1428
04/24,8,ค,4,u,504
04/24,8,ค,5,ย๗,368
04/24,8,ค,6,ไป,298
04/24,8,ค,7,ว,231
04/24,8,ค,8,ฑฬ,226
04/24,8,ค,9,Sq,222
04/24,8,ค,10,ฉ,195
04/24,9,ค,1,ิ,7359
04/24,9,ค,2,ิ,1457
04/24,9,ค,3,ย่,1430
04/24,9,ค,4,u,504
04/24,9,ค,5,ย๗,370
04/24,9,ค,6,ไป,299
04/24,9,ค,7,ว,231
04/24,9,ค,8,ฑฬ,226
04/24,9,ค,9,Sq,222
04/24,9,ค,10,๓,219
04/24,10,ค,1,ิ,7432
04/24,10,ค,2,ิ,1581
04/24,10,ค,3,ย่,1436
04/24,10,ค,4,u,509
04/24,10,ค,5,ย๗,373
04/24,10,ค,6,ไป,300
04/24,10,ค,7,ว,231
04/24,10,ค,8,ฑฬ,226
04/24,10,ค,9,Sq,222
04/24,10,ค,10,๓,219
04/24,11,ค,1,ิ,7515
04/24,11,ค,2,ิ,1586
04/24,11,ค,3,ย่,1475
04/24,11,ค,4,u,509
04/24,11,ค,5,ย๗,391
04/24,11,ค,6,ไป,301
04/24,11,ค,7,ว,242
04/24,11,ค,8,Sq,227
04/24,11,ค,9,ฑฬ,226
04/24,11,ค,10,๓,219
04/24,12,ค,1,ิ,7759
04/24,12,ค,2,ิ,1664
04/24,12,ค,3,ย่,1529
04/24,12,ค,4,u,510
04/24,12,ค,5,ย๗,392
04/24,12,ค,6,ไป,304
04/24,12,ค,7,ว,242
04/24,12,ค,8,Sq,227
04/24,12,ค,9,ฑฬ,227
04/24,12,ค,10,๓,219
04/24,13,ค,1,ิ,7802
04/24,13,ค,2,ิ,1846
04/24,13,ค,3,ย่,1566
04/24,13,ค,4,u,514
04/24,13,ค,5,ย๗,393
04/24,13,ค,6,ไป,304
04/24,13,ค,7,ว,268
04/24,13,ค,8,ฑฬ,231
04/24,13,ค,9,Sq,228
04/24,13,ค,10,๓,220
04/24,14,ค,1,ิ,7924
04/24,14,ค,2,ิ,1847
04/24,14,ค,3,ย่,1567
04/24,14,ค,4,u,514
04/24,14,ค,5,ย๗,393
04/24,14,ค,6,ไป,304
04/24,14,ค,7,ว,269
04/24,14,ค,8,ฑฬ,231
04/24,14,ค,9,Sq,230
04/24,14,ค,10,๓,220
04/24,15,ค,1,ิ,7981
04/24,15,ค,2,ิ,1947
04/24,15,ค,3,ย่,1599
04/24,15,ค,4,u,514
04/24,15,ค,5,ย๗,394
04/24,15,ค,6,ไป,310
04/24,15,ค,7,ว,269
04/24,15,ค,8,ฑฬ,231
04/24,15,ค,9,Sq,230
04/24,15,ค,10,๓,220
04/24,16,ค,1,ิ,8035
04/24,16,ค,2,ิ,1963
04/24,16,ค,3,ย่,1600
04/24,16,ค,4,u,514
04/24,16,ค,5,ย๗,394
04/24,16,ค,6,ไป,311
04/24,16,ค,7,ว,269
04/24,16,ค,8,ฑฬ,233
04/24,16,ค,9,Sq,230
04/24,16,ค,10,๓,220
04/24,17,ค,1,ิ,8071
04/24,17,ค,2,ิ,1992
04/24,17,ค,3,ย่,1604
04/24,17,ค,4,u,518
04/24,17,ค,5,ย๗,394
04/24,17,ค,6,ไป,311
04/24,17,ค,7,ว,269
04/24,17,ค,8,ฑฬ,233
04/24,17,ค,9,Sq,230
04/24,17,ค,10,๓,220
04/24,18,ค,1,ิ,8230
04/24,18,ค,2,ิ,2035
04/24,18,ค,3,ย่,1609
04/24,18,ค,4,u,518
04/24,18,ค,5,ย๗,426
04/24,18,ค,6,ไป,311
04/24,18,ค,7,ว,269
04/24,18,ค,8,ฑฬ,233
04/24,18,ค,9,Sq,231
04/24,18,ค,10,๓,220
04/24,19,ค,1,ิ,8445
04/24,19,ค,2,ิ,2057
04/24,19,ค,3,ย่,1612
04/24,19,ค,4,u,522
04/24,19,ค,5,ย๗,427
04/24,19,ค,6,ไป,311
04/24,19,ค,7,ว,269
04/24,19,ค,8,ฑฬ,233
04/24,19,ค,9,Sq,231
04/24,19,ค,10,๓,220
04/24,20,ค,1,ิ,8679
04/24,20,ค,2,ิ,2175
04/24,20,ค,3,ย่,1687
04/24,20,ค,4,u,522
04/24,20,ค,5,ย๗,428
04/24,20,ค,6,ไป,316
04/24,20,ค,7,ว,269
04/24,20,ค,8,ฑฬ,233
04/24,20,ค,9,Sq,232
04/24,20,ค,10,๓,222
04/24,21,ค,1,ิ,8709
04/24,21,ค,2,ิ,2305
04/24,21,ค,3,ย่,1689
04/24,21,ค,4,u,523
04/24,21,ค,5,ย๗,428
04/24,21,ค,6,ไป,342
04/24,21,ค,7,ว,271
04/24,21,ค,8,๓,264
04/24,21,ค,9,ฑฬ,245
04/24,21,ค,10,Sq,232
04/24,22,ค,1,ิ,8767
04/24,22,ค,2,ิ,2507
04/24,22,ค,3,ย่,1690
04/24,22,ค,4,u,523
04/24,22,ค,5,ย๗,429
04/24,22,ค,6,ไป,343
04/24,22,ค,7,ว,281
04/24,22,ค,8,๓,264
04/24,22,ค,9,ฑฬ,245
04/24,22,ค,10,Sq,232
04/24,23,ค,1,ิ,8829
04/24,23,ค,2,ิ,2592
04/24,23,ค,3,ย่,1705
04/24,23,ค,4,u,569
04/24,23,ค,5,ย๗,429
04/24,23,ค,6,ไป,345
04/24,23,ค,7,ว,284
04/24,23,ค,8,๓,264
04/24,23,ค,9,ฑฬ,245
04/24,23,ค,10,Sq,232
04/25,0,ค,1,ิ,8897
04/25,0,ค,2,ิ,2684
04/25,0,ค,3,ย่,1786
04/25,0,ค,4,u,569
04/25,0,ค,5,ย๗,433
04/25,0,ค,6,ไป,345
04/25,0,ค,7,ว,284
04/25,0,ค,8,๓,264
04/25,0,ค,9,ฑฬ,245
04/25,0,ค,10,Sq,233
04/25,1,ค,1,ิ,9108
04/25,1,ค,2,ิ,2918
04/25,1,ค,3,ย่,1845
04/25,1,ค,4,u,583
04/25,1,ค,5,ย๗,480
04/25,1,ค,6,ไป,349
04/25,1,ค,7,ว,284
04/25,1,ค,8,๓,266
04/25,1,ค,9,ฑฬ,246
04/25,1,ค,10,Sq,236
04/25,3,ค,1,ิ,9648
04/25,3,ค,2,ิ,3275
04/25,3,ค,3,ย่,1891
04/25,3,ค,4,u,588
04/25,3,ค,5,ย๗,483
04/25,3,ค,6,ไป,358
04/25,3,ค,7,ว,294
04/25,3,ค,8,๓,268
04/25,3,ค,9,ฑฬ,246
04/25,3,ค,10,Sq,238
04/25,4,ค,1,ิ,9699
04/25,4,ค,2,ิ,3405
04/25,4,ค,3,ย่,1892
04/25,4,ค,4,u,588
04/25,4,ค,5,ย๗,483
04/25,4,ค,6,ไป,359
04/25,4,ค,7,ว,295
04/25,4,ค,8,๓,268
04/25,4,ค,9,ฑฬ,246
04/25,4,ค,10,Sq,238
04/25,5,ค,1,ิ,9743
04/25,5,ค,2,ิ,3411
04/25,5,ค,3,ย่,1892
04/25,5,ค,4,u,588
04/25,5,ค,5,ย๗,483
04/25,5,ค,6,ไป,361
04/25,5,ค,7,ว,295
04/25,5,ค,8,๓,268
04/25,5,ค,9,ฑฬ,246
04/25,5,ค,10,Sq,238
04/25,6,ค,1,ิ,9749
04/25,6,ค,2,ิ,3415
04/25,6,ค,3,ย่,1894
04/25,6,ค,4,u,589
04/25,6,ค,5,ย๗,483
04/25,6,ค,6,ไป,361
04/25,6,ค,7,ว,296
04/25,6,ค,8,๓,268
04/25,6,ค,9,ฑฬ,246
04/25,6,ค,10,Sq,238
04/25,7,ค,1,ิ,9778
04/25,7,ค,2,ิ,3440
04/25,7,ค,3,ย่,1900
04/25,7,ค,4,u,596
04/25,7,ค,5,ย๗,484
04/25,7,ค,6,ไป,366
04/25,7,ค,7,ว,296
04/25,7,ค,8,๓,268
04/25,7,ค,9,ฑฬ,253
04/25,7,ค,10,Sq,239
04/25,8,ค,1,ิ,9901
04/25,8,ค,2,ิ,3528
04/25,8,ค,3,ย่,1905
04/25,8,ค,4,u,599
04/25,8,ค,5,ย๗,489
04/25,8,ค,6,ไป,366
04/25,8,ค,7,ว,297
04/25,8,ค,8,๓,278
04/25,8,ค,9,ฑฬ,253
04/25,8,ค,10,Sq,239
04/25,9,ค,1,ิ,10053
04/25,9,ค,2,ิ,3735
04/25,9,ค,3,ย่,1909
04/25,9,ค,4,u,633
04/25,9,ค,5,ย๗,489
04/25,9,ค,6,ไป,367
04/25,9,ค,7,ว,297
04/25,9,ค,8,๓,279
04/25,9,ค,9,ฑฬ,253
04/25,9,ค,10,Sq,239
04/25,10,ค,1,ิ,10076
04/25,10,ค,2,ิ,3739
04/25,10,ค,3,ย่,1910
04/25,10,ค,4,u,634
04/25,10,ค,5,ย๗,489
04/25,10,ค,6,ไป,367
04/25,10,ค,7,ว,297
04/25,10,ค,8,๓,279
04/25,10,ค,9,ฑฬ,255
04/25,10,ค,10,Sq,239
04/25,11,ค,1,ิ,10101
04/25,11,ค,2,ิ,3747
04/25,11,ค,3,ย่,1910
04/25,11,ค,4,u,635
04/25,11,ค,5,ย๗,489
04/25,11,ค,6,ไป,368
04/25,11,ค,7,ว,302
04/25,11,ค,8,๓,279
04/25,11,ค,9,ฑฬ,257
04/25,11,ค,10,Sq,239
04/25,12,ค,1,ิ,10131
04/25,12,ค,2,ิ,3765
04/25,12,ค,3,ย่,1911
04/25,12,ค,4,u,635
04/25,12,ค,5,ย๗,490
04/25,12,ค,6,ไป,368
04/25,12,ค,7,ว,312
04/25,12,ค,8,๓,279
04/25,12,ค,9,ฑฬ,257
04/25,12,ค,10,Sq,239
04/25,13,ค,1,ิ,10329
04/25,13,ค,2,ิ,3767
04/25,13,ค,3,ย่,1914
04/25,13,ค,4,u,635
04/25,13,ค,5,ย๗,490
04/25,13,ค,6,ไป,368
04/25,13,ค,7,ว,312
04/25,13,ค,8,๓,279
04/25,13,ค,9,ฑฬ,257
04/25,13,ค,10,Sq,239
04/25,14,ค,1,ิ,10370
04/25,14,ค,2,ิ,3800
04/25,14,ค,3,ย่,1918
04/25,14,ค,4,u,635
04/25,14,ค,5,ย๗,491
04/25,14,ค,6,ไป,368
04/25,14,ค,7,ว,312
04/25,14,ค,8,๓,279
04/25,14,ค,9,ฑฬ,257
04/25,14,ค,10,Sq,239
04/25,15,ค,1,ิ,10381
04/25,15,ค,2,ิ,3821
04/25,15,ค,3,ย่,1921
04/25,15,ค,4,u,640
04/25,15,ค,5,ย๗,493
04/25,15,ค,6,ไป,371
04/25,15,ค,7,ว,312
04/25,15,ค,8,๓,279
04/25,15,ค,9,ฑฬ,257
04/25,15,ค,10,Sq,239
04/25,16,ค,1,ิ,10388
04/25,16,ค,2,ิ,3827
04/25,16,ค,3,ย่,1921
04/25,16,ค,4,u,640
04/25,16,ค,5,ย๗,493
04/25,16,ค,6,ไป,371
04/25,16,ค,7,ว,312
04/25,16,ค,8,๓,279
04/25,16,ค,9,ฑฬ,257
04/25,16,ค,10,Sq,240
04/25,17,ค,1,ิ,10405
04/25,17,ค,2,ิ,3847
04/25,17,ค,3,ย่,1922
04/25,17,ค,4,u,650
04/25,17,ค,5,ย๗,493
04/25,17,ค,6,ไป,372
04/25,17,ค,7,ว,312
04/25,17,ค,8,๓,279
04/25,17,ค,9,ฑฬ,257
04/25,17,ค,10,Sq,240
04/25,18,ค,1,ิ,10485
04/25,18,ค,2,ิ,3894
04/25,18,ค,3,ย่,1925
04/25,18,ค,4,u,651
04/25,18,ค,5,ย๗,493
04/25,18,ค,6,ไป,373
04/25,18,ค,7,ว,312
04/25,18,ค,8,๓,279
04/25,18,ค,9,ฑฬ,258
04/25,18,ค,10,Sq,240
04/25,19,ค,1,ิ,10507
04/25,19,ค,2,ิ,3994
04/25,19,ค,3,ย่,1925
04/25,19,ค,4,u,651
04/25,19,ค,5,ย๗,493
04/25,19,ค,6,ไป,373
04/25,19,ค,7,ว,312
04/25,19,ค,8,๓,279
04/25,19,ค,9,ฑฬ,258
04/25,19,ค,10,Sq,240
04/25,20,ค,1,ิ,10509
04/25,20,ค,2,ิ,4000
04/25,20,ค,3,ย่,1927
04/25,20,ค,4,u,651
04/25,20,ค,5,ย๗,493
04/25,20,ค,6,ไป,383
04/25,20,ค,7,ว,313
04/25,20,ค,8,ฑฬ,295
04/25,20,ค,9,๓,279
04/25,20,ค,10,Sq,240
04/25,21,ค,1,ิ,10598
04/25,21,ค,2,ิ,4000
04/25,21,ค,3,ย่,1927
04/25,21,ค,4,u,652
04/25,21,ค,5,ย๗,547
04/25,21,ค,6,ไป,387
04/25,21,ค,7,ว,315
04/25,21,ค,8,ฑฬ,295
04/25,21,ค,9,๓,279
04/25,21,ค,10,ฉ,248
04/25,22,ค,1,ิ,10736
04/25,22,ค,2,ิ,4026
04/25,22,ค,3,ย่,1937
04/25,22,ค,4,u,652
04/25,22,ค,5,ย๗,549
04/25,22,ค,6,ไป,402
04/25,22,ค,7,ว,315
04/25,22,ค,8,ฑฬ,295
04/25,22,ค,9,๓,280
04/25,22,ค,10,ฉ,254
04/25,23,ค,1,ิ,11055
04/25,23,ค,2,ิ,4120
04/25,23,ค,3,ย่,1940
04/25,23,ค,4,u,655
04/25,23,ค,5,ย๗,549
04/25,23,ค,6,ไป,403
04/25,23,ค,7,ว,318
04/25,23,ค,8,ฑฬ,295
04/25,23,ค,9,๓,280
04/25,23,ค,10,ฉ,255
04/26,0,ค,1,ิ,11249
04/26,0,ค,2,ิ,4222
04/26,0,ค,3,ย่,1941
04/26,0,ค,4,u,656
04/26,0,ค,5,ย๗,580
04/26,0,ค,6,ไป,404
04/26,0,ค,7,ว,318
04/26,0,ค,8,ฑฬ,296
04/26,0,ค,9,๓,280
04/26,0,ค,10,ฉ,255
04/26,1,ค,1,ิ,11540
04/26,1,ค,2,ิ,4297
04/26,1,ค,3,ย่,1943
04/26,1,ค,4,u,658
04/26,1,ค,5,ย๗,587
04/26,1,ค,6,ไป,404
04/26,1,ค,7,ว,322
04/26,1,ค,8,ฑฬ,296
04/26,1,ค,9,๓,281
04/26,1,ค,10,ฉ,256
04/26,2,ค,1,ิ,11743
04/26,2,ค,2,ิ,4316
04/26,2,ค,3,ย่,1943
04/26,2,ค,4,u,658
04/26,2,ค,5,ย๗,604
04/26,2,ค,6,ไป,408
04/26,2,ค,7,ว,322
04/26,2,ค,8,ฑฬ,296
04/26,2,ค,9,๓,282
04/26,2,ค,10,ฉ,256
04/26,3,ค,1,ิ,11762
04/26,3,ค,2,ิ,4358
04/26,3,ค,3,ย่,1945
04/26,3,ค,4,u,658
04/26,3,ค,5,ย๗,619
04/26,3,ค,6,ไป,408
04/26,3,ค,7,ว,340
04/26,3,ค,8,ฑฬ,296
04/26,3,ค,9,๓,282
04/26,3,ค,10,ฉ,258
04/26,4,ค,1,ิ,11791
04/26,4,ค,2,ิ,4384
04/26,4,ค,3,ย่,1945
04/26,4,ค,4,u,659
04/26,4,ค,5,ย๗,624
04/26,4,ค,6,ไป,409
04/26,4,ค,7,ว,340
04/26,4,ค,8,ฑฬ,296
04/26,4,ค,9,๓,282
04/26,4,ค,10,ฉ,258
04/26,5,ค,1,ิ,11795
04/26,5,ค,2,ิ,4384
04/26,5,ค,3,ย่,1945
04/26,5,ค,4,u,660
04/26,5,ค,5,ย๗,624
04/26,5,ค,6,ไป,409
04/26,5,ค,7,ว,340
04/26,5,ค,8,ฑฬ,296
04/26,5,ค,9,๓,282
04/26,5,ค,10,ฉ,258
04/26,6,ค,1,ิ,11802
04/26,6,ค,2,ิ,4412
04/26,6,ค,3,ย่,1951
04/26,6,ค,4,u,660
04/26,6,ค,5,ย๗,625
04/26,6,ค,6,ไป,410
04/26,6,ค,7,ว,340
04/26,6,ค,8,ฑฬ,301
04/26,6,ค,9,๓,285
04/26,6,ค,10,ฉ,258
04/26,7,ค,1,ิ,11848
04/26,7,ค,2,ิ,4436
04/26,7,ค,3,ย่,1955
04/26,7,ค,4,u,661
04/26,7,ค,5,ย๗,625
04/26,7,ค,6,ไป,410
04/26,7,ค,7,ว,340
04/26,7,ค,8,ฑฬ,301
04/26,7,ค,9,๓,286
04/26,7,ค,10,ฉ,258
04/26,8,ค,1,ิ,11886
04/26,8,ค,2,ิ,4479
04/26,8,ค,3,ย่,1958
04/26,8,ค,4,u,661
04/26,8,ค,5,ย๗,626
04/26,8,ค,6,ไป,410
04/26,8,ค,7,ว,341
04/26,8,ค,8,ฑฬ,301
04/26,8,ค,9,๓,286
04/26,8,ค,10,ฉ,258
04/26,9,ค,1,ิ,11904
04/26,9,ค,2,ิ,4512
04/26,9,ค,3,ย่,1963
04/26,9,ค,4,u,663
04/26,9,ค,5,ย๗,629
04/26,9,ค,6,ไป,410
04/26,9,ค,7,ว,341
04/26,9,ค,8,ฑฬ,301
04/26,9,ค,9,๓,286
04/26,9,ค,10,ฉ,258
04/26,10,ค,1,ิ,11918
04/26,10,ค,2,ิ,4543
04/26,10,ค,3,ย่,2041
04/26,10,ค,4,u,666
04/26,10,ค,5,ย๗,629
04/26,10,ค,6,ไป,410
04/26,10,ค,7,ว,341
04/26,10,ค,8,ฑฬ,301
04/26,10,ค,9,๓,286
04/26,10,ค,10,ฉ,259
04/26,11,ค,1,ิ,12022
04/26,11,ค,2,ิ,4563
04/26,11,ค,3,ย่,2042
04/26,11,ค,4,u,666
04/26,11,ค,5,ย๗,630
04/26,11,ค,6,ไป,410
04/26,11,ค,7,ว,341
04/26,11,ค,8,ฑฬ,301
04/26,11,ค,9,๓,287
04/26,11,ค,10,ฉ,259
04/26,12,ค,1,ิ,12075
04/26,12,ค,2,ิ,4618
04/26,12,ค,3,ย่,2045
04/26,12,ค,4,u,666
04/26,12,ค,5,ย๗,630
04/26,12,ค,6,ไป,411
04/26,12,ค,7,ฑฬ,393
04/26,12,ค,8,ว,341
04/26,12,ค,9,๓,287
04/26,12,ค,10,ฉ,271
04/26,13,ค,1,ิ,12132
04/26,13,ค,2,ิ,4717
04/26,13,ค,3,ย่,2046
04/26,13,ค,4,u,666
04/26,13,ค,5,ย๗,630
04/26,13,ค,6,ไป,412
04/26,13,ค,7,ฑฬ,393
04/26,13,ค,8,ว,341
04/26,13,ค,9,๓,287
04/26,13,ค,10,ฉ,272
04/26,14,ค,1,ิ,12233
04/26,14,ค,2,ิ,4793
04/26,14,ค,3,ย่,2046
04/26,14,ค,4,u,666
04/26,14,ค,5,ย๗,630
04/26,14,ค,6,ไป,413
04/26,14,ค,7,ฑฬ,398
04/26,14,ค,8,ว,346
04/26,14,ค,9,๓,287
04/26,14,ค,10,ฉ,272
04/26,15,ค,1,ิ,12239
04/26,15,ค,2,ิ,4798
04/26,15,ค,3,ย่,2069
04/26,15,ค,4,u,666
04/26,15,ค,5,ย๗,632
04/26,15,ค,6,ไป,413
04/26,15,ค,7,ฑฬ,398
04/26,15,ค,8,ว,346
04/26,15,ค,9,ีt,302
04/26,15,ค,10,๓,287
04/26,16,ค,1,ิ,12258
04/26,16,ค,2,ิ,4920
04/26,16,ค,3,ย่,2074
04/26,16,ค,4,u,666
04/26,16,ค,5,ย๗,632
04/26,16,ค,6,ไป,413
04/26,16,ค,7,ฑฬ,398
04/26,16,ค,8,ว,346
04/26,16,ค,9,ีt,302
04/26,16,ค,10,๓,287
04/26,17,ค,1,ิ,12265
04/26,17,ค,2,ิ,4938
04/26,17,ค,3,ย่,2075
04/26,17,ค,4,u,666
04/26,17,ค,5,ย๗,632
04/26,17,ค,6,ไป,416
04/26,17,ค,7,ฑฬ,398
04/26,17,ค,8,ว,346
04/26,17,ค,9,ีt,325
04/26,17,ค,10,๓,287
04/26,18,ค,1,ิ,12274
04/26,18,ค,2,ิ,4938
04/26,18,ค,3,ย่,2077
04/26,18,ค,4,u,666
04/26,18,ค,5,ย๗,633
04/26,18,ค,6,ไป,419
04/26,18,ค,7,ฑฬ,398
04/26,18,ค,8,ว,367
04/26,18,ค,9,ีt,325
04/26,18,ค,10,๓,287
04/26,19,ค,1,ิ,12279
04/26,19,ค,2,ิ,4963
04/26,19,ค,3,ย่,2079
04/26,19,ค,4,u,666
04/26,19,ค,5,ย๗,633
04/26,19,ค,6,ไป,419
04/26,19,ค,7,ฑฬ,403
04/26,19,ค,8,ว,368
04/26,19,ค,9,ีt,325
04/26,19,ค,10,๓,287
04/26,20,ค,1,ิ,12307
04/26,20,ค,2,ิ,4968
04/26,20,ค,3,ย่,2085
04/26,20,ค,4,u,667
04/26,20,ค,5,ย๗,633
04/26,20,ค,6,ไป,420
04/26,20,ค,7,ฑฬ,403
04/26,20,ค,8,ว,368
04/26,20,ค,9,ีt,325
04/26,20,ค,10,๓,287
04/26,21,ค,1,ิ,12347
04/26,21,ค,2,ิ,5080
04/26,21,ค,3,ย่,2094
04/26,21,ค,4,u,675
04/26,21,ค,5,ย๗,633
04/26,21,ค,6,ไป,420
04/26,21,ค,7,ฑฬ,403
04/26,21,ค,8,ว,368
04/26,21,ค,9,ีt,330
04/26,21,ค,10,๓,287
04/26,22,ค,1,ิ,12417
04/26,22,ค,2,ิ,5082
04/26,22,ค,3,ย่,2109
04/26,22,ค,4,u,676
04/26,22,ค,5,ย๗,634
04/26,22,ค,6,ไป,420
04/26,22,ค,7,ฑฬ,409
04/26,22,ค,8,ว,368
04/26,22,ค,9,ีt,331
04/26,22,ค,10,๓,287
04/26,23,ค,1,ิ,12426
04/26,23,ค,2,ิ,5295
04/26,23,ค,3,ย่,2112
04/26,23,ค,4,u,681
04/26,23,ค,5,ย๗,634
04/26,23,ค,6,ไป,474
04/26,23,ค,7,ว,423
04/26,23,ค,8,ฑฬ,409
04/26,23,ค,9,ีt,336
04/26,23,ค,10,๓,288
04/27,0,ค,1,ิ,12516
04/27,0,ค,2,ิ,5449
04/27,0,ค,3,ย่,2113
04/27,0,ค,4,u,682
04/27,0,ค,5,ย๗,642
04/27,0,ค,6,ไป,476
04/27,0,ค,7,ว,423
04/27,0,ค,8,ฑฬ,410
04/27,0,ค,9,ีt,337
04/27,0,ค,10,ฏิ,302
04/27,1,ค,1,ิ,12762
04/27,1,ค,2,ิ,5561
04/27,1,ค,3,ย่,2119
04/27,1,ค,4,u,685
04/27,1,ค,5,ย๗,645
04/27,1,ค,6,ไป,481
04/27,1,ค,7,ว,425
04/27,1,ค,8,ฑฬ,412
04/27,1,ค,9,ีt,339
04/27,1,ค,10,ฏิ,311
04/27,2,ค,1,ิ,12817
04/27,2,ค,2,ิ,5577
04/27,2,ค,3,ย่,2122
04/27,2,ค,4,u,685
04/27,2,ค,5,ย๗,648
04/27,2,ค,6,ไป,482
04/27,2,ค,7,ว,429
04/27,2,ค,8,ฑฬ,412
04/27,2,ค,9,ีt,339
04/27,2,ค,10,ฏิ,311
04/27,3,ค,1,ิ,12824
04/27,3,ค,2,ิ,5590
04/27,3,ค,3,ย่,2123
04/27,3,ค,4,u,685
04/27,3,ค,5,ย๗,649
04/27,3,ค,6,ไป,482
04/27,3,ค,7,ว,430
04/27,3,ค,8,ฑฬ,412
04/27,3,ค,9,ีt,339
04/27,3,ค,10,ฏิ,311
04/27,4,ค,1,ิ,12906
04/27,4,ค,2,ิ,5684
04/27,4,ค,3,ย่,2125
04/27,4,ค,4,u,685
04/27,4,ค,5,ย๗,649
04/27,4,ค,6,ไป,482
04/27,4,ค,7,ว,435
04/27,4,ค,8,ฑฬ,412
04/27,4,ค,9,ีt,339
04/27,4,ค,10,ฏิ,311
04/27,5,ค,1,ิ,12927
04/27,5,ค,2,ิ,5684
04/27,5,ค,3,ย่,2130
04/27,5,ค,4,u,686
04/27,5,ค,5,ย๗,649
04/27,5,ค,6,ไป,482
04/27,5,ค,7,ว,435
04/27,5,ค,8,ฑฬ,412
04/27,5,ค,9,ีt,339
04/27,5,ค,10,ฏิ,311
04/27,6,ค,1,ิ,12958
04/27,6,ค,2,ิ,5685
04/27,6,ค,3,ย่,2130
04/27,6,ค,4,u,687
04/27,6,ค,5,ย๗,649
04/27,6,ค,6,ไป,482
04/27,6,ค,7,ว,435
04/27,6,ค,8,ฑฬ,414
04/27,6,ค,9,ีt,339
04/27,6,ค,10,ฏิ,311
04/27,7,ค,1,ิ,12992
04/27,7,ค,2,ิ,5690
04/27,7,ค,3,ย่,2144
04/27,7,ค,4,u,688
04/27,7,ค,5,ย๗,650
04/27,7,ค,6,ไป,486
04/27,7,ค,7,ว,435
04/27,7,ค,8,ฑฬ,414
04/27,7,ค,9,ีt,339
04/27,7,ค,10,ฏิ,311
04/27,8,ค,1,ิ,13023
04/27,8,ค,2,ิ,5702
04/27,8,ค,3,ย่,2144
04/27,8,ค,4,u,692
04/27,8,ค,5,ย๗,651
04/27,8,ค,6,ไป,486
04/27,8,ค,7,ว,435
04/27,8,ค,8,ฑฬ,414
04/27,8,ค,9,ีt,364
04/27,8,ค,10,ฏิ,311
04/27,9,ค,1,ิ,13050
04/27,9,ค,2,ิ,5780
04/27,9,ค,3,ย่,2145
04/27,9,ค,4,u,733
04/27,9,ค,5,ย๗,651
04/27,9,ค,6,ไป,486
04/27,9,ค,7,ว,435
04/27,9,ค,8,ฑฬ,414
04/27,9,ค,9,ีt,364
04/27,9,ค,10,ฏิ,311
04/27,10,ค,1,ิ,13073
04/27,10,ค,2,ิ,5793
04/27,10,ค,3,ย่,2184
04/27,10,ค,4,u,736
04/27,10,ค,5,ย๗,651
04/27,10,ค,6,ไป,512
04/27,10,ค,7,ว,435
04/27,10,ค,8,ฑฬ,414
04/27,10,ค,9,ีt,364
04/27,10,ค,10,ฏิ,311
04/27,11,ค,1,ิ,13086
04/27,11,ค,2,ิ,5895
04/27,11,ค,3,ย่,2184
04/27,11,ค,4,u,738
04/27,11,ค,5,ย๗,652
04/27,11,ค,6,ไป,513
04/27,11,ค,7,ว,436
04/27,11,ค,8,ฑฬ,414
04/27,11,ค,9,ีt,384
04/27,11,ค,10,ฏิ,311
04/27,12,ค,1,ิ,13090
04/27,12,ค,2,ิ,5897
04/27,12,ค,3,ย่,2184
04/27,12,ค,4,u,738
04/27,12,ค,5,ย๗,653
04/27,12,ค,6,ไป,513
04/27,12,ค,7,ว,436
04/27,12,ค,8,ฑฬ,414
04/27,12,ค,9,ีt,384
04/27,12,ค,10,ฏิ,311
04/27,13,ค,1,ิ,13097
04/27,13,ค,2,ิ,5968
04/27,13,ค,3,ย่,2186
04/27,13,ค,4,u,738
04/27,13,ค,5,ย๗,653
04/27,13,ค,6,ไป,513
04/27,13,ค,7,ว,442
04/27,13,ค,8,ฑฬ,414
04/27,13,ค,9,ีt,384
04/27,13,ค,10,ฏิ,323
04/27,14,ค,1,ิ,13120
04/27,14,ค,2,ิ,5987
04/27,14,ค,3,ย่,2187
04/27,14,ค,4,u,738
04/27,14,ค,5,ย๗,653
04/27,14,ค,6,ไป,513
04/27,14,ค,7,ว,442
04/27,14,ค,8,ฑฬ,417
04/27,14,ค,9,ีt,384
04/27,14,ค,10,ฏิ,323
04/27,15,ค,1,ิ,13172
04/27,15,ค,2,ิ,5987
04/27,15,ค,3,ย่,2187
04/27,15,ค,4,u,738
04/27,15,ค,5,ย๗,654
04/27,15,ค,6,ไป,513
04/27,15,ค,7,ว,442
04/27,15,ค,8,ฑฬ,417
04/27,15,ค,9,ีt,384
04/27,15,ค,10,ฏิ,323
04/27,16,ค,1,ิ,13182
04/27,16,ค,2,ิ,6010
04/27,16,ค,3,ย่,2191
04/27,16,ค,4,u,747
04/27,16,ค,5,ย๗,655
04/27,16,ค,6,ไป,513
04/27,16,ค,7,ว,442
04/27,16,ค,8,ฑฬ,417
04/27,16,ค,9,ีt,384
04/27,16,ค,10,ฏิ,327
04/27,17,ค,1,ิ,13219
04/27,17,ค,2,ิ,6016
04/27,17,ค,3,ย่,2193
04/27,17,ค,4,u,747
04/27,17,ค,5,ย๗,655
04/27,17,ค,6,ไป,513
04/27,17,ค,7,ว,443
04/27,17,ค,8,ฑฬ,417
04/27,17,ค,9,ีt,384
04/27,17,ค,10,ฏิ,327
04/27,18,ค,1,ิ,13228
04/27,18,ค,2,ิ,6030
04/27,18,ค,3,ย่,2196
04/27,18,ค,4,u,747
04/27,18,ค,5,ย๗,655
04/27,18,ค,6,ไป,515
04/27,18,ค,7,ว,443
04/27,18,ค,8,ฑฬ,420
04/27,18,ค,9,ีt,384
04/27,18,ค,10,ฏิ,327
04/27,19,ค,1,ิ,13254
04/27,19,ค,2,ิ,6131
04/27,19,ค,3,ย่,2196
04/27,19,ค,4,u,747
04/27,19,ค,5,ย๗,655
04/27,19,ค,6,ไป,515
04/27,19,ค,7,ว,443
04/27,19,ค,8,ฑฬ,420
04/27,19,ค,9,ีt,384
04/27,19,ค,10,ฏิ,327
04/27,20,ค,1,ิ,13272
04/27,20,ค,2,ิ,6191
04/27,20,ค,3,ย่,2198
04/27,20,ค,4,u,748
04/27,20,ค,5,ย๗,655
04/27,20,ค,6,ไป,515
04/27,20,ค,7,ว,444
04/27,20,ค,8,ฑฬ,420
04/27,20,ค,9,ีt,402
04/27,20,ค,10,ฏิ,327
04/27,21,ค,1,ิ,13278
04/27,21,ค,2,ิ,6203
04/27,21,ค,3,ย่,2198
04/27,21,ค,4,u,749
04/27,21,ค,5,ย๗,655
04/27,21,ค,6,ไป,559
04/27,21,ค,7,ว,444
04/27,21,ค,8,ฑฬ,421
04/27,21,ค,9,ีt,404
04/27,21,ค,10,ฏิ,327
04/27,22,ค,1,ิ,13411
04/27,22,ค,2,ิ,6369
04/27,22,ค,3,ย่,2200
04/27,22,ค,4,u,752
04/27,22,ค,5,ย๗,656
04/27,22,ค,6,ไป,560
04/27,22,ค,7,ว,445
04/27,22,ค,8,ฑฬ,422
04/27,22,ค,9,ีt,414
04/27,22,ค,10,ฏิ,332
04/27,23,ค,1,ิ,13598
04/27,23,ค,2,ิ,6480
04/27,23,ค,3,ย่,2205
04/27,23,ค,4,u,755
04/27,23,ค,5,ย๗,657
04/27,23,ค,6,ไป,560
04/27,23,ค,7,ว,446
04/27,23,ค,8,ฑฬ,422
04/27,23,ค,9,ีt,414
04/27,23,ค,10,ฏิ,332
04/28,0,ค,1,ิ,13720
04/28,0,ค,2,ิ,6513
04/28,0,ค,3,ย่,2208
04/28,0,ค,4,u,765
04/28,0,ค,5,ย๗,658
04/28,0,ค,6,ไป,560
04/28,0,ค,7,ว,456
04/28,0,ค,8,ฑฬ,422
04/28,0,ค,9,ีt,414
04/28,0,ค,10,ฏิ,332
04/28,1,ค,1,ิ,13793
04/28,1,ค,2,ิ,6527
04/28,1,ค,3,ย่,2209
04/28,1,ค,4,u,772
04/28,1,ค,5,ย๗,660
04/28,1,ค,6,ไป,561
04/28,1,ค,7,ว,465
04/28,1,ค,8,ฑฬ,432
04/28,1,ค,9,ีt,414
04/28,1,ค,10,ฏิ,355
04/28,2,ค,1,ิ,13851
04/28,2,ค,2,ิ,6535
04/28,2,ค,3,ย่,2215
04/28,2,ค,4,u,772
04/28,2,ค,5,ย๗,664
04/28,2,ค,6,ไป,561
04/28,2,ค,7,ว,465
04/28,2,ค,8,ฑฬ,433
04/28,2,ค,9,ีt,414
04/28,2,ค,10,ฏิ,358
04/28,3,ค,1,ิ,13883
04/28,3,ค,2,ิ,6537
04/28,3,ค,3,ย่,2215
04/28,3,ค,4,u,784
04/28,3,ค,5,ย๗,664
04/28,3,ค,6,ไป,561
04/28,3,ค,7,ว,465
04/28,3,ค,8,ฑฬ,433
04/28,3,ค,9,ีt,414
04/28,3,ค,10,ฏิ,358
04/28,4,ค,1,ิ,14003
04/28,4,ค,2,ิ,6543
04/28,4,ค,3,ย่,2216
04/28,4,ค,4,u,784
04/28,4,ค,5,ย๗,667
04/28,4,ค,6,ไป,561
04/28,4,ค,7,ว,466
04/28,4,ค,8,ฑฬ,433
04/28,4,ค,9,ีt,414
04/28,4,ค,10,ฏิ,358
04/28,5,ค,1,ิ,14004
04/28,5,ค,2,ิ,6544
04/28,5,ค,3,ย่,2217
04/28,5,ค,4,u,785
04/28,5,ค,5,ย๗,668
04/28,5,ค,6,ไป,564
04/28,5,ค,7,ว,467
04/28,5,ค,8,ฑฬ,434
04/28,5,ค,9,ีt,415
04/28,5,ค,10,ฏิ,358
04/28,6,ค,1,ิ,14007
04/28,6,ค,2,ิ,6546
04/28,6,ค,3,ย่,2218
04/28,6,ค,4,u,785
04/28,6,ค,5,ย๗,670
04/28,6,ค,6,ไป,564
04/28,6,ค,7,ฑฬ,490
04/28,6,ค,8,ว,467
04/28,6,ค,9,ีt,441
04/28,6,ค,10,ฏิ,358
04/28,7,ค,1,ิ,14015
04/28,7,ค,2,ิ,6546
04/28,7,ค,3,ย่,2220
04/28,7,ค,4,u,785
04/28,7,ค,5,ย๗,671
04/28,7,ค,6,ไป,564
04/28,7,ค,7,ฑฬ,490
04/28,7,ค,8,ว,467
04/28,7,ค,9,ีt,441
04/28,7,ค,10,ฏิ,358
04/28,8,ค,1,ิ,14136
04/28,8,ค,2,ิ,6633
04/28,8,ค,3,ย่,2221
04/28,8,ค,4,u,785
04/28,8,ค,5,ย๗,671
04/28,8,ค,6,ไป,569
04/28,8,ค,7,ฑฬ,498
04/28,8,ค,8,ว,467
04/28,8,ค,9,ีt,441
04/28,8,ค,10,ฏิ,358
04/28,9,ค,1,ิ,14184
04/28,9,ค,2,ิ,6675
04/28,9,ค,3,ย่,2221
04/28,9,ค,4,u,785
04/28,9,ค,5,ย๗,671
04/28,9,ค,6,ไป,570
04/28,9,ค,7,ฑฬ,499
04/28,9,ค,8,ว,467
04/28,9,ค,9,ีt,441
04/28,9,ค,10,ฏิ,358
04/28,10,ค,1,ิ,14193
04/28,10,ค,2,ิ,6680
04/28,10,ค,3,ย่,2221
04/28,10,ค,4,u,785
04/28,10,ค,5,ย๗,671
04/28,10,ค,6,ไป,570
04/28,10,ค,7,ฑฬ,499
04/28,10,ค,8,ว,467
04/28,10,ค,9,ีt,441
04/28,10,ค,10,ฏิ,358
04/28,11,ค,1,ิ,14239
04/28,11,ค,2,ิ,6682
04/28,11,ค,3,ย่,2222
04/28,11,ค,4,u,787
04/28,11,ค,5,ย๗,671
04/28,11,ค,6,ไป,571
04/28,11,ค,7,ฑฬ,499
04/28,11,ค,8,ว,469
04/28,11,ค,9,ีt,441
04/28,11,ค,10,ฏิ,358
04/28,12,ค,1,ิ,14328
04/28,12,ค,2,ิ,6684
04/28,12,ค,3,ย่,2224
04/28,12,ค,4,u,787
04/28,12,ค,5,ย๗,671
04/28,12,ค,6,ไป,572
04/28,12,ค,7,ฑฬ,499
04/28,12,ค,8,ว,469
04/28,12,ค,9,ีt,443
04/28,12,ค,10,ฏิ,358
04/28,13,ค,1,ิ,14352
04/28,13,ค,2,ิ,6684
04/28,13,ค,3,ย่,2229
04/28,13,ค,4,u,787
04/28,13,ค,5,ย๗,671
04/28,13,ค,6,ไป,572
04/28,13,ค,7,ฑฬ,502
04/28,13,ค,8,ว,469
04/28,13,ค,9,ีt,443
04/28,13,ค,10,ฏิ,358
04/28,14,ค,1,ิ,14368
04/28,14,ค,2,ิ,6684
04/28,14,ค,3,ย่,2230
04/28,14,ค,4,u,787
04/28,14,ค,5,ย๗,671
04/28,14,ค,6,ไป,572
04/28,14,ค,7,ฑฬ,507
04/28,14,ค,8,ว,469
04/28,14,ค,9,ีt,443
04/28,14,ค,10,ฏิ,358
04/28,15,ค,1,ิ,14393
04/28,15,ค,2,ิ,6778
04/28,15,ค,3,ย่,2230
04/28,15,ค,4,u,787
04/28,15,ค,5,ย๗,671
04/28,15,ค,6,ไป,572
04/28,15,ค,7,ฑฬ,508
04/28,15,ค,8,ว,469
04/28,15,ค,9,ีt,448
04/28,15,ค,10,ฏิ,408
04/28,16,ค,1,ิ,14398
04/28,16,ค,2,ิ,6788
04/28,16,ค,3,ย่,2230
04/28,16,ค,4,u,792
04/28,16,ค,5,ย๗,671
04/28,16,ค,6,ไป,577
04/28,16,ค,7,ฑฬ,508
04/28,16,ค,8,ว,469
04/28,16,ค,9,ีt,448
04/28,16,ค,10,ฏิ,408
04/28,17,ค,1,ิ,14401
04/28,17,ค,2,ิ,6790
04/28,17,ค,3,ย่,2230
04/28,17,ค,4,u,792
04/28,17,ค,5,ย๗,671
04/28,17,ค,6,ไป,577
04/28,17,ค,7,ฑฬ,508
04/28,17,ค,8,ว,469
04/28,17,ค,9,ีt,448
04/28,17,ค,10,ฏิ,408
04/28,18,ค,1,ิ,14412
04/28,18,ค,2,ิ,6790
04/28,18,ค,3,ย่,2233
04/28,18,ค,4,u,792
04/28,18,ค,5,ย๗,671
04/28,18,ค,6,ไป,578
04/28,18,ค,7,ฑฬ,508
04/28,18,ค,8,ว,469
04/28,18,ค,9,ีt,448
04/28,18,ค,10,ฏิ,410
04/28,19,ค,1,ิ,14433
04/28,19,ค,2,ิ,6790
04/28,19,ค,3,ย่,2233
04/28,19,ค,4,u,792
04/28,19,ค,5,ย๗,671
04/28,19,ค,6,ไป,578
04/28,19,ค,7,ฑฬ,508
04/28,19,ค,8,ว,469
04/28,19,ค,9,ีt,448
04/28,19,ค,10,ฏิ,410
04/28,20,ค,1,ิ,14452
04/28,20,ค,2,ิ,6791
04/28,20,ค,3,ย่,2235
04/28,20,ค,4,u,792
04/28,20,ค,5,ย๗,672
04/28,20,ค,6,ไป,578
04/28,20,ค,7,ฑฬ,508
04/28,20,ค,8,ว,469
04/28,20,ค,9,ีt,448
04/28,20,ค,10,ฏิ,410
04/28,21,ค,1,ิ,14481
04/28,21,ค,2,ิ,6791
04/28,21,ค,3,ย่,2238
04/28,21,ค,4,u,792
04/28,21,ค,5,ย๗,673
04/28,21,ค,6,ไป,595
04/28,21,ค,7,ฑฬ,508
04/28,21,ค,8,ว,469
04/28,21,ค,9,ีt,448
04/28,21,ค,10,ฏิ,410
04/28,22,ค,1,ิ,14522
04/28,22,ค,2,ิ,6838
04/28,22,ค,3,ย่,2252
04/28,22,ค,4,u,801
04/28,22,ค,5,ย๗,673
04/28,22,ค,6,ไป,595
04/28,22,ค,7,ฑฬ,512
04/28,22,ค,8,ว,469
04/28,22,ค,9,ีt,448
04/28,22,ค,10,ฏิ,410
04/29,0,ค,1,ิ,14766
04/29,0,ค,2,ิ,6867
04/29,0,ค,3,ย่,2256
04/29,0,ค,4,u,803
04/29,0,ค,5,ย๗,674
04/29,0,ค,6,ไป,597
04/29,0,ค,7,ฑฬ,518
04/29,0,ค,8,ว,470
04/29,0,ค,9,ีt,449
04/29,0,ค,10,ฏิ,412
04/29,1,ค,1,ิ,14795
04/29,1,ค,2,ิ,6990
04/29,1,ค,3,ย่,2260
04/29,1,ค,4,u,807
04/29,1,ค,5,ย๗,678
04/29,1,ค,6,ไป,598
04/29,1,ค,7,ฑฬ,519
04/29,1,ค,8,ว,470
04/29,1,ค,9,ีt,459
04/29,1,ค,10,ฏิ,416
04/29,2,ค,1,ิ,14912
04/29,2,ค,2,ิ,7076
04/29,2,ค,3,ย่,2261
04/29,2,ค,4,u,808
04/29,2,ค,5,ย๗,678
04/29,2,ค,6,ไป,598
04/29,2,ค,7,ฑฬ,520
04/29,2,ค,8,ว,483
04/29,2,ค,9,ีt,459
04/29,2,ค,10,ฏิ,416
04/29,3,ค,1,ิ,14949
04/29,3,ค,2,ิ,7081
04/29,3,ค,3,ย่,2261
04/29,3,ค,4,u,808
04/29,3,ค,5,ย๗,730
04/29,3,ค,6,ไป,598
04/29,3,ค,7,ฑฬ,520
04/29,3,ค,8,ว,483
04/29,3,ค,9,ีt,459
04/29,3,ค,10,ฏิ,416
04/29,4,ค,1,ิ,14956
04/29,4,ค,2,ิ,7087
04/29,4,ค,3,ย่,2261
04/29,4,ค,4,u,819
04/29,4,ค,5,ย๗,758
04/29,4,ค,6,ไป,598
04/29,4,ค,7,ฑฬ,521
04/29,4,ค,8,ว,483
04/29,4,ค,9,ีt,459
04/29,4,ค,10,ฏิ,416
04/29,5,ค,1,ิ,14974
04/29,5,ค,2,ิ,7170
04/29,5,ค,3,ย่,2261
04/29,5,ค,4,u,819
04/29,5,ค,5,ย๗,758
04/29,5,ค,6,ไป,598
04/29,5,ค,7,ฑฬ,521
04/29,5,ค,8,ว,483
04/29,5,ค,9,ีt,460
04/29,5,ค,10,ฏิ,416
04/29,6,ค,1,ิ,14975
04/29,6,ค,2,ิ,7170
04/29,6,ค,3,ย่,2281
04/29,6,ค,4,u,819
04/29,6,ค,5,ย๗,758
04/29,6,ค,6,ไป,599
04/29,6,ค,7,ฑฬ,521
04/29,6,ค,8,ว,483
04/29,6,ค,9,ีt,460
04/29,6,ค,10,ฏิ,416
04/29,7,ค,1,ิ,15013
04/29,7,ค,2,ิ,7178
04/29,7,ค,3,ย่,2282
04/29,7,ค,4,u,819
04/29,7,ค,5,ย๗,758
04/29,7,ค,6,ไป,599
04/29,7,ค,7,ฑฬ,521
04/29,7,ค,8,ว,483
04/29,7,ค,9,ีt,460
04/29,7,ค,10,ฏิ,416
04/29,8,ค,1,ิ,15033
04/29,8,ค,2,ิ,7188
04/29,8,ค,3,ย่,2289
04/29,8,ค,4,u,819
04/29,8,ค,5,ย๗,758
04/29,8,ค,6,ไป,599
04/29,8,ค,7,ฑฬ,522
04/29,8,ค,8,ว,483
04/29,8,ค,9,ีt,460
04/29,8,ค,10,ฏิ,416
04/29,9,ค,1,ิ,15056
04/29,9,ค,2,ิ,7206
04/29,9,ค,3,ย่,2293
04/29,9,ค,4,u,819
04/29,9,ค,5,ย๗,759
04/29,9,ค,6,ไป,599
04/29,9,ค,7,ฑฬ,522
04/29,9,ค,8,ว,483
04/29,9,ค,9,ีt,460
04/29,9,ค,10,ฏิ,416
04/29,10,ค,1,ิ,15217
04/29,10,ค,2,ิ,7207
04/29,10,ค,3,ย่,2297
04/29,10,ค,4,u,820
04/29,10,ค,5,ย๗,759
04/29,10,ค,6,ไป,600
04/29,10,ค,7,ฑฬ,535
04/29,10,ค,8,ว,489
04/29,10,ค,9,ีt,460
04/29,10,ค,10,ฏิ,419
04/29,11,ค,1,ิ,15227
04/29,11,ค,2,ิ,7212
04/29,11,ค,3,ย่,2310
04/29,11,ค,4,u,820
04/29,11,ค,5,ย๗,759
04/29,11,ค,6,ไป,600
04/29,11,ค,7,ฑฬ,535
04/29,11,ค,8,ว,498
04/29,11,ค,9,ีt,460
04/29,11,ค,10,ฏิ,419
04/29,12,ค,1,ิ,15239
04/29,12,ค,2,ิ,7316
04/29,12,ค,3,ย่,2310
04/29,12,ค,4,u,820
04/29,12,ค,5,ย๗,759
04/29,12,ค,6,ไป,600
04/29,12,ค,7,ฑฬ,541
04/29,12,ค,8,ว,498
04/29,12,ค,9,ีt,460
04/29,12,ค,10,ฏิ,419
04/29,13,ค,1,ิ,15293
04/29,13,ค,2,ิ,7324
04/29,13,ค,3,ย่,2311
04/29,13,ค,4,u,820
04/29,13,ค,5,ย๗,759
04/29,13,ค,6,ไป,600
04/29,13,ค,7,ฑฬ,541
04/29,13,ค,8,ว,498
04/29,13,ค,9,ีt,460
04/29,13,ค,10,ฏิ,419
04/29,14,ค,1,ิ,15364
04/29,14,ค,2,ิ,7326
04/29,14,ค,3,ย่,2315
04/29,14,ค,4,u,822
04/29,14,ค,5,ย๗,759
04/29,14,ค,6,ไป,601
04/29,14,ค,7,ฑฬ,541
04/29,14,ค,8,ว,498
04/29,14,ค,9,ีt,460
04/29,14,ค,10,ฏิ,419
04/29,15,ค,1,ิ,15369
04/29,15,ค,2,ิ,7337
04/29,15,ค,3,ย่,2315
04/29,15,ค,4,u,822
04/29,15,ค,5,ย๗,759
04/29,15,ค,6,ไป,601
04/29,15,ค,7,ฑฬ,541
04/29,15,ค,8,ว,498
04/29,15,ค,9,ีt,460
04/29,15,ค,10,ฏิ,419
04/29,16,ค,1,ิ,15382
04/29,16,ค,2,ิ,7435
04/29,16,ค,3,ย่,2317
04/29,16,ค,4,u,831
04/29,16,ค,5,ย๗,759
04/29,16,ค,6,ไป,697
04/29,16,ค,7,ฑฬ,541
04/29,16,ค,8,ว,498
04/29,16,ค,9,ีt,460
04/29,16,ค,10,ฏิ,419
04/29,17,ค,1,ิ,15409
04/29,17,ค,2,ิ,7479
04/29,17,ค,3,ย่,2318
04/29,17,ค,4,u,831
04/29,17,ค,5,ย๗,759
04/29,17,ค,6,ไป,697
04/29,17,ค,7,ฑฬ,541
04/29,17,ค,8,ว,498
04/29,17,ค,9,ีt,460
04/29,17,ค,10,ฏิ,419
04/29,18,ค,1,ิ,15467
04/29,18,ค,2,ิ,7479
04/29,18,ค,3,ย่,2318
04/29,18,ค,4,u,831
04/29,18,ค,5,ย๗,759
04/29,18,ค,6,ไป,698
04/29,18,ค,7,ฑฬ,551
04/29,18,ค,8,ว,499
04/29,18,ค,9,ีt,460
04/29,18,ค,10,ฏิ,419
04/29,19,ค,1,ิ,15502
04/29,19,ค,2,ิ,7482
04/29,19,ค,3,ย่,2319
04/29,19,ค,4,u,841
04/29,19,ค,5,ย๗,761
04/29,19,ค,6,ไป,698
04/29,19,ค,7,ฑฬ,551
04/29,19,ค,8,ว,499
04/29,19,ค,9,ีt,460
04/29,19,ค,10,ฏิ,419
04/29,20,ค,1,ิ,15511
04/29,20,ค,2,ิ,7492
04/29,20,ค,3,ย่,2320
04/29,20,ค,4,u,841
04/29,20,ค,5,ย๗,763
04/29,20,ค,6,ไป,700
04/29,20,ค,7,ฑฬ,552
04/29,20,ค,8,ว,499
04/29,20,ค,9,ีt,460
04/29,20,ค,10,ฏิ,419
04/29,21,ค,1,ิ,15522
04/29,21,ค,2,ิ,7497
04/29,21,ค,3,ย่,2320
04/29,21,ค,4,u,850
04/29,21,ค,5,ย๗,763
04/29,21,ค,6,ไป,716
04/29,21,ค,7,ฑฬ,552
04/29,21,ค,8,ว,500
04/29,21,ค,9,ีt,460
04/29,21,ค,10,ฏิ,419
04/29,22,ค,1,ิ,15554
04/29,22,ค,2,ิ,7543
04/29,22,ค,3,ย่,2320
04/29,22,ค,4,u,850
04/29,22,ค,5,ไป,800
04/29,22,ค,6,ย๗,766
04/29,22,ค,7,ฑฬ,554
04/29,22,ค,8,ว,500
04/29,22,ค,9,ีt,460
04/29,22,ค,10,ฏิ,419
04/29,23,ค,1,ิ,15574
04/29,23,ค,2,ิ,7647
04/29,23,ค,3,ย่,2321
04/29,23,ค,4,u,858
04/29,23,ค,5,ไป,802
04/29,23,ค,6,ย๗,768
04/29,23,ค,7,ฑฬ,555
04/29,23,ค,8,ว,500
04/29,23,ค,9,ีt,460
04/29,23,ค,10,ฏิ,419
04/30,0,ค,1,ิ,15608
04/30,0,ค,2,ิ,7704
04/30,0,ค,3,ย่,2322
04/30,0,ค,4,u,858
04/30,0,ค,5,ไป,802
04/30,0,ค,6,ย๗,768
04/30,0,ค,7,ฑฬ,555
04/30,0,ค,8,ว,506
04/30,0,ค,9,ีt,460
04/30,0,ค,10,ฏิ,419
04/30,1,ค,1,ิ,15655
04/30,1,ค,2,ิ,7726
04/30,1,ค,3,ย่,2353
04/30,1,ค,4,u,871
04/30,1,ค,5,ไป,806
04/30,1,ค,6,ย๗,768
04/30,1,ค,7,ฑฬ,555
04/30,1,ค,8,ว,507
04/30,1,ค,9,ีt,460
04/30,1,ค,10,ฏิ,425
04/30,2,ค,1,ิ,15775
04/30,2,ค,2,ิ,7741
04/30,2,ค,3,ย่,2376
04/30,2,ค,4,u,873
04/30,2,ค,5,ไป,806
04/30,2,ค,6,ย๗,768
04/30,2,ค,7,ฑฬ,556
04/30,2,ค,8,ว,510
04/30,2,ค,9,ีt,460
04/30,2,ค,10,ฏิ,425
04/30,3,ค,1,ิ,15825
04/30,3,ค,2,ิ,7741
04/30,3,ค,3,ย่,2376
04/30,3,ค,4,u,874
04/30,3,ค,5,ไป,813
04/30,3,ค,6,ย๗,769
04/30,3,ค,7,ฑฬ,557
04/30,3,ค,8,ว,510
04/30,3,ค,9,ีt,464
04/30,3,ค,10,ฏิ,425
04/30,4,ค,1,ิ,15910
04/30,4,ค,2,ิ,7882
04/30,4,ค,3,ย่,2376
04/30,4,ค,4,u,875
04/30,4,ค,5,ไป,813
04/30,4,ค,6,ย๗,771
04/30,4,ค,7,ฑฬ,557
04/30,4,ค,8,ว,510
04/30,4,ค,9,ีt,464
04/30,4,ค,10,ฏิ,425
04/30,5,ค,1,ิ,15921
04/30,5,ค,2,ิ,7896
04/30,5,ค,3,ย่,2376
04/30,5,ค,4,u,875
04/30,5,ค,5,ไป,813
04/30,5,ค,6,ย๗,771
04/30,5,ค,7,ฑฬ,557
04/30,5,ค,8,ว,510
04/30,5,ค,9,ีt,464
04/30,5,ค,10,ฏิ,427
04/30,6,ค,1,ิ,15922
04/30,6,ค,2,ิ,7896
04/30,6,ค,3,ย่,2381
04/30,6,ค,4,u,877
04/30,6,ค,5,ไป,813
04/30,6,ค,6,ย๗,772
04/30,6,ค,7,ฑฬ,557
04/30,6,ค,8,ว,511
04/30,6,ค,9,ีt,464
04/30,6,ค,10,ฏิ,427
04/30,7,ค,1,ิ,15962
04/30,7,ค,2,ิ,7902
04/30,7,ค,3,ย่,2383
04/30,7,ค,4,u,877
04/30,7,ค,5,ไป,814
04/30,7,ค,6,ย๗,772
04/30,7,ค,7,ฑฬ,557
04/30,7,ค,8,ว,511
04/30,7,ค,9,ีt,464
04/30,7,ค,10,ฏิ,428
04/30,8,ค,1,ิ,15966
04/30,8,ค,2,ิ,7903
04/30,8,ค,3,ย่,2386
04/30,8,ค,4,u,877
04/30,8,ค,5,ไป,814
04/30,8,ค,6,ย๗,773
04/30,8,ค,7,ฑฬ,558
04/30,8,ค,8,ว,511
04/30,8,ค,9,ีt,464
04/30,8,ค,10,ฏิ,428
04/30,9,ค,1,ิ,15976
04/30,9,ค,2,ิ,7906
04/30,9,ค,3,ย่,2388
04/30,9,ค,4,u,877
04/30,9,ค,5,ไป,815
04/30,9,ค,6,ย๗,775
04/30,9,ค,7,ฑฬ,558
04/30,9,ค,8,ว,511
04/30,9,ค,9,ีt,464
04/30,9,ค,10,ฏิ,428
04/30,10,ค,1,ิ,16108
04/30,10,ค,2,ิ,7910
04/30,10,ค,3,ย่,2388
04/30,10,ค,4,u,921
04/30,10,ค,5,ไป,815
04/30,10,ค,6,ย๗,776
04/30,10,ค,7,ฑฬ,560
04/30,10,ค,8,ว,511
04/30,10,ค,9,ีt,464
04/30,10,ค,10,ฏิ,428
04/30,11,ค,1,ิ,16151
04/30,11,ค,2,ิ,7977
04/30,11,ค,3,ย่,2390
04/30,11,ค,4,u,921
04/30,11,ค,5,ไป,816
04/30,11,ค,6,ย๗,776
04/30,11,ค,7,ฑฬ,560
04/30,11,ค,8,ว,511
04/30,11,ค,9,ีt,465
04/30,11,ค,10,ฏิ,428
04/30,12,ค,1,ิ,16196
04/30,12,ค,2,ิ,7989
04/30,12,ค,3,ย่,2391
04/30,12,ค,4,u,921
04/30,12,ค,5,ไป,816
04/30,12,ค,6,ย๗,776
04/30,12,ค,7,ฑฬ,561
04/30,12,ค,8,ว,513
04/30,12,ค,9,ีt,465
04/30,12,ค,10,ฏิ,429
04/30,13,ค,1,ิ,16234
04/30,13,ค,2,ิ,8004
04/30,13,ค,3,ย่,2394
04/30,13,ค,4,u,922
04/30,13,ค,5,ไป,816
04/30,13,ค,6,ย๗,777
04/30,13,ค,7,ฑฬ,561
04/30,13,ค,8,ว,513
04/30,13,ค,9,ีt,465
04/30,13,ค,10,ฏิ,429
04/30,14,ค,1,ิ,16298
04/30,14,ค,2,ิ,8172
04/30,14,ค,3,ย่,2394
04/30,14,ค,4,u,922
04/30,14,ค,5,ไป,816
04/30,14,ค,6,ย๗,779
04/30,14,ค,7,ฑฬ,561
04/30,14,ค,8,ว,517
04/30,14,ค,9,ีt,465
04/30,14,ค,10,ฏิ,429
04/30,15,ค,1,ิ,16359
04/30,15,ค,2,ิ,8281
04/30,15,ค,3,ย่,2394
04/30,15,ค,4,u,922
04/30,15,ค,5,ไป,816
04/30,15,ค,6,ย๗,779
04/30,15,ค,7,ฑฬ,561
04/30,15,ค,8,ว,517
04/30,15,ค,9,ีt,466
04/30,15,ค,10,ฏิ,429
04/30,16,ค,1,ิ,16370
04/30,16,ค,2,ิ,8321
04/30,16,ค,3,ย่,2399
04/30,16,ค,4,u,932
04/30,16,ค,5,ไป,846
04/30,16,ค,6,ย๗,786
04/30,16,ค,7,ฑฬ,561
04/30,16,ค,8,ว,517
04/30,16,ค,9,ีt,466
04/30,16,ค,10,ฏิ,429
04/30,17,ค,1,ิ,16436
04/30,17,ค,2,ิ,8344
04/30,17,ค,3,ย่,2401
04/30,17,ค,4,u,932
04/30,17,ค,5,ไป,846
04/30,17,ค,6,ย๗,787
04/30,17,ค,7,ฑฬ,561
04/30,17,ค,8,ว,517
04/30,17,ค,9,ีt,466
04/30,17,ค,10,ฏิ,429
04/30,18,ค,1,ิ,16501
04/30,18,ค,2,ิ,8502
04/30,18,ค,3,ย่,2402
04/30,18,ค,4,u,933
04/30,18,ค,5,ไป,846
04/30,18,ค,6,ย๗,787
04/30,18,ค,7,ฑฬ,562
04/30,18,ค,8,ว,517
04/30,18,ค,9,ีt,466
04/30,18,ค,10,ฏิ,429
04/30,19,ค,1,ิ,16546
04/30,19,ค,2,ิ,8578
04/30,19,ค,3,ย่,2403
04/30,19,ค,4,u,933
04/30,19,ค,5,ไป,850
04/30,19,ค,6,ย๗,787
04/30,19,ค,7,ฑฬ,562
04/30,19,ค,8,ว,517
04/30,19,ค,9,ีt,466
04/30,19,ค,10,ฏิ,429
04/30,20,ค,1,ิ,16706
04/30,20,ค,2,ิ,8604
04/30,20,ค,3,ย่,2403
04/30,20,ค,4,u,933
04/30,20,ค,5,ไป,850
04/30,20,ค,6,ย๗,787
04/30,20,ค,7,ฑฬ,562
04/30,20,ค,8,ว,518
04/30,20,ค,9,ีt,468
04/30,20,ค,10,ฏิ,434
04/30,21,ค,1,ิ,16739
04/30,21,ค,2,ิ,8606
04/30,21,ค,3,ย่,2406
04/30,21,ค,4,u,934
04/30,21,ค,5,ไป,851
04/30,21,ค,6,ย๗,787
04/30,21,ค,7,ฑฬ,563
04/30,21,ค,8,ว,519
04/30,21,ค,9,ีt,468
04/30,21,ค,10,ฏิ,435
04/30,22,ค,1,ิ,16780
04/30,22,ค,2,ิ,8701
04/30,22,ค,3,ย่,2452
04/30,22,ค,4,u,935
04/30,22,ค,5,ไป,853
04/30,22,ค,6,ย๗,796
04/30,22,ค,7,ฑฬ,563
04/30,22,ค,8,ว,519
04/30,22,ค,9,ีt,468
04/30,22,ค,10,ฏิ,435
04/30,23,ค,1,ิ,16988
04/30,23,ค,2,ิ,8821
04/30,23,ค,3,ย่,2454
04/30,23,ค,4,u,948
04/30,23,ค,5,ไป,858
04/30,23,ค,6,ย๗,800
04/30,23,ค,7,ฑฬ,564
04/30,23,ค,8,ว,520
04/30,23,ค,9,ีt,470
04/30,23,ค,10,ฏิ,436
05/01,0,ค,1,ิ,17064
05/01,0,ค,2,ิ,8903
05/01,0,ค,3,ย่,2456
05/01,0,ค,4,u,949
05/01,0,ค,5,ไป,861
05/01,0,ค,6,ย๗,800
05/01,0,ค,7,ฑฬ,564
05/01,0,ค,8,ว,522
05/01,0,ค,9,ีt,470
05/01,0,ค,10,ฏิ,436
05/01,1,ค,1,ิ,17433
05/01,1,ค,2,ิ,9164
05/01,1,ค,3,ย่,2565
05/01,1,ค,4,u,954
05/01,1,ค,5,ไป,923
05/01,1,ค,6,ย๗,804
05/01,1,ค,7,ฑฬ,564
05/01,1,ค,8,ว,523
05/01,1,ค,9,ีt,471
05/01,1,ค,10,ฏิ,437
05/01,2,ค,1,ิ,17537
05/01,2,ค,2,ิ,9403
05/01,2,ค,3,ย่,2567
05/01,2,ค,4,u,955
05/01,2,ค,5,ไป,934
05/01,2,ค,6,ย๗,804
05/01,2,ค,7,ฑฬ,564
05/01,2,ค,8,ว,524
05/01,2,ค,9,ีt,481
05/01,2,ค,10,ฏิ,437
05/01,3,ค,1,ิ,17702
05/01,3,ค,2,ิ,9521
05/01,3,ค,3,ย่,2569
05/01,3,ค,4,u,956
05/01,3,ค,5,ไป,934
05/01,3,ค,6,ย๗,804
05/01,3,ค,7,ฑฬ,564
05/01,3,ค,8,ว,524
05/01,3,ค,9,ีt,481
05/01,3,ค,10,ฉ,438
05/01,4,ค,1,ิ,17725
05/01,4,ค,2,ิ,9717
05/01,4,ค,3,ย่,2570
05/01,4,ค,4,u,956
05/01,4,ค,5,ไป,934
05/01,4,ค,6,ย๗,805
05/01,4,ค,7,ฑฬ,568
05/01,4,ค,8,ว,524
05/01,4,ค,9,ีt,481
05/01,4,ค,10,ฉ,438
05/01,5,ค,1,ิ,17731
05/01,5,ค,2,ิ,9721
05/01,5,ค,3,ย่,2570
05/01,5,ค,4,u,956
05/01,5,ค,5,ไป,934
05/01,5,ค,6,ย๗,805
05/01,5,ค,7,ฑฬ,568
05/01,5,ค,8,ว,524
05/01,5,ค,9,ีt,481
05/01,5,ค,10,ฉ,438
05/01,6,ค,1,ิ,17752
05/01,6,ค,2,ิ,9789
05/01,6,ค,3,ย่,2570
05/01,6,ค,4,u,956
05/01,6,ค,5,ไป,934
05/01,6,ค,6,ย๗,805
05/01,6,ค,7,ฑฬ,568
05/01,6,ค,8,ว,524
05/01,6,ค,9,ีt,481
05/01,6,ค,10,ฉ,438
05/01,7,ค,1,ิ,17774
05/01,7,ค,2,ิ,9891
05/01,7,ค,3,ย่,2582
05/01,7,ค,4,u,956
05/01,7,ค,5,ไป,934
05/01,7,ค,6,ย๗,806
05/01,7,ค,7,ฑฬ,568
05/01,7,ค,8,ว,524
05/01,7,ค,9,ีt,482
05/01,7,ค,10,ฉ,439
05/01,8,ค,1,ิ,17847
05/01,8,ค,2,ิ,9897
05/01,8,ค,3,ย่,2584
05/01,8,ค,4,u,958
05/01,8,ค,5,ไป,948
05/01,8,ค,6,ย๗,806
05/01,8,ค,7,ฑฬ,568
05/01,8,ค,8,ว,526
05/01,8,ค,9,ีt,482
05/01,8,ค,10,ฉ,440
05/01,9,ค,1,ิ,17912
05/01,9,ค,2,ิ,10339
05/01,9,ค,3,ย่,2603
05/01,9,ค,4,u,958
05/01,9,ค,5,ไป,949
05/01,9,ค,6,ย๗,806
05/01,9,ค,7,ฑฬ,568
05/01,9,ค,8,ว,526
05/01,9,ค,9,ีt,482
05/01,9,ค,10,ฉ,441
05/01,10,ค,1,ิ,18060
05/01,10,ค,2,ิ,10358
05/01,10,ค,3,ย่,2609
05/01,10,ค,4,u,962
05/01,10,ค,5,ไป,950
05/01,10,ค,6,ย๗,808
05/01,10,ค,7,ฑฬ,571
05/01,10,ค,8,ว,526
05/01,10,ค,9,ีt,482
05/01,10,ค,10,ฉ,441
05/01,11,ค,1,ิ,18387
05/01,11,ค,2,ิ,10569
05/01,11,ค,3,ย่,2610
05/01,11,ค,4,u,963
05/01,11,ค,5,ไป,950
05/01,11,ค,6,ย๗,809
05/01,11,ค,7,ฑฬ,574
05/01,11,ค,8,ว,526
05/01,11,ค,9,ีt,483
05/01,11,ค,10,ฉ,441
05/01,12,ค,1,ิ,18420
05/01,12,ค,2,ิ,10783
05/01,12,ค,3,ย่,2628
05/01,12,ค,4,u,972
05/01,12,ค,5,ไป,953
05/01,12,ค,6,ย๗,810
05/01,12,ค,7,ฑฬ,583
05/01,12,ค,8,ว,526
05/01,12,ค,9,ีt,483
05/01,12,ค,10,ฉ,442
05/01,13,ค,1,ิ,18678
05/01,13,ค,2,ิ,10982
05/01,13,ค,3,ย่,2630
05/01,13,ค,4,u,972
05/01,13,ค,5,ไป,959
05/01,13,ค,6,ย๗,811
05/01,13,ค,7,ฑฬ,584
05/01,13,ค,8,ว,526
05/01,13,ค,9,ีt,483
05/01,13,ค,10,ฉ,448
05/01,14,ค,1,ิ,18796
05/01,14,ค,2,ิ,11049
05/01,14,ค,3,ย่,2634
05/01,14,ค,4,ไป,979
05/01,14,ค,5,u,973
05/01,14,ค,6,ย๗,818
05/01,14,ค,7,ฑฬ,584
05/01,14,ค,8,ว,526
05/01,14,ค,9,ีt,483
05/01,14,ค,10,ฉ,448
05/01,15,ค,1,ิ,18984
05/01,15,ค,2,ิ,11113
05/01,15,ค,3,ย่,2634
05/01,15,ค,4,ไป,1022
05/01,15,ค,5,u,973
05/01,15,ค,6,ย๗,818
05/01,15,ค,7,ฑฬ,589
05/01,15,ค,8,ว,534
05/01,15,ค,9,ีt,483
05/01,15,ค,10,ฉ,453
05/01,16,ค,1,ิ,19370
05/01,16,ค,2,ิ,11321
05/01,16,ค,3,ย่,2662
05/01,16,ค,4,ไป,1027
05/01,16,ค,5,u,973
05/01,16,ค,6,ย๗,819
05/01,16,ค,7,ฑฬ,601
05/01,16,ค,8,ว,534
05/01,16,ค,9,ีt,483
05/01,16,ค,10,ฉ,453
05/01,17,ค,1,ิ,19486
05/01,17,ค,2,ิ,11655
05/01,17,ค,3,ย่,2667
05/01,17,ค,4,ไป,1027
05/01,17,ค,5,u,975
05/01,17,ค,6,ย๗,820
05/01,17,ค,7,ฑฬ,628
05/01,17,ค,8,ว,535
05/01,17,ค,9,ีt,483
05/01,17,ค,10,ฉ,453
05/01,18,ค,1,ิ,19585
05/01,18,ค,2,ิ,12008
05/01,18,ค,3,ย่,2677
05/01,18,ค,4,ไป,1036
05/01,18,ค,5,u,977
05/01,18,ค,6,ย๗,821
05/01,18,ค,7,ฑฬ,629
05/01,18,ค,8,ว,535
05/01,18,ค,9,ีt,484
05/01,18,ค,10,ฉ,453
05/01,19,ค,1,ิ,19629
05/01,19,ค,2,ิ,12165
05/01,19,ค,3,ย่,2678
05/01,19,ค,4,ไป,1051
05/01,19,ค,5,u,993
05/01,19,ค,6,ย๗,841
05/01,19,ค,7,ฑฬ,631
05/01,19,ค,8,ว,538
05/01,19,ค,9,ีt,523
05/01,19,ค,10,ฉ,459
05/01,20,ค,1,ิ,19831
05/01,20,ค,2,ิ,12188
05/01,20,ค,3,ย่,2682
05/01,20,ค,4,ไป,1052
05/01,20,ค,5,u,995
05/01,20,ค,6,ย๗,842
05/01,20,ค,7,ฑฬ,631
05/01,20,ค,8,ว,539
05/01,20,ค,9,ีt,532
05/01,20,ค,10,ฉ,460
05/01,21,ค,1,ิ,20202
05/01,21,ค,2,ิ,12636
05/01,21,ค,3,ย่,2690
05/01,21,ค,4,ไป,1052
05/01,21,ค,5,u,1012
05/01,21,ค,6,ย๗,851
05/01,21,ค,7,ฑฬ,633
05/01,21,ค,8,ว,540
05/01,21,ค,9,ีt,534
05/01,21,ค,10,ฉ,460
05/01,22,ค,1,ิ,20452
05/01,22,ค,2,ิ,12913
05/01,22,ค,3,ย่,2700
05/01,22,ค,4,ไป,1053
05/01,22,ค,5,u,1013
05/01,22,ค,6,ย๗,851
05/01,22,ค,7,ฑฬ,723
05/01,22,ค,8,ว,541
05/01,22,ค,9,ีt,535
05/01,22,ค,10,ฉ,472
05/01,23,ค,1,ิ,20992
05/01,23,ค,2,ิ,13107
05/01,23,ค,3,ย่,2712
05/01,23,ค,4,ไป,1101
05/01,23,ค,5,u,1015
05/01,23,ค,6,ย๗,857
05/01,23,ค,7,ฑฬ,725
05/01,23,ค,8,ว,542
05/01,23,ค,9,ีt,540
05/01,23,ค,10,ฉ,472
05/02,0,ค,1,ิ,21222
05/02,0,ค,2,ิ,13305
05/02,0,ค,3,ย่,2729
05/02,0,ค,4,ไป,1127
05/02,0,ค,5,u,1019
05/02,0,ค,6,ย๗,859
05/02,0,ค,7,ฑฬ,740
05/02,0,ค,8,ว,547
05/02,0,ค,9,ีt,540
05/02,0,ค,10,ฉ,535
05/02,1,ค,1,ิ,21797
05/02,1,ค,2,ิ,13666
05/02,1,ค,3,ย่,2751
05/02,1,ค,4,ไป,1198
05/02,1,ค,5,u,1024
05/02,1,ค,6,ย๗,867
05/02,1,ค,7,ฑฬ,760
05/02,1,ค,8,ว,558
05/02,1,ค,9,ีt,552
05/02,1,ค,10,ฉ,541
05/02,2,ค,1,ิ,22082
05/02,2,ค,2,ิ,13905
05/02,2,ค,3,ย่,2765
05/02,2,ค,4,ไป,1199
05/02,2,ค,5,u,1033
05/02,2,ค,6,ย๗,872
05/02,2,ค,7,ฑฬ,762
05/02,2,ค,8,ว,559
05/02,2,ค,9,ฉ,556
05/02,2,ค,10,ีt,554
05/02,3,ค,1,ิ,22235
05/02,3,ค,2,ิ,14058
05/02,3,ค,3,ย่,2783
05/02,3,ค,4,ไป,1206
05/02,3,ค,5,u,1054
05/02,3,ค,6,ย๗,872
05/02,3,ค,7,ฑฬ,763
05/02,3,ค,8,ว,559
05/02,3,ค,9,ฉ,557
05/02,3,ค,10,ีt,555
05/02,4,ค,1,ิ,22263
05/02,4,ค,2,ิ,14161
05/02,4,ค,3,ย่,2786
05/02,4,ค,4,ไป,1208
05/02,4,ค,5,u,1057
05/02,4,ค,6,ย๗,872
05/02,4,ค,7,ฑฬ,764
05/02,4,ค,8,ว,559
05/02,4,ค,9,ีt,558
05/02,4,ค,10,ฉ,557
05/02,5,ค,1,ิ,22273
05/02,5,ค,2,ิ,14262
05/02,5,ค,3,ย่,2786
05/02,5,ค,4,u,1307
05/02,5,ค,5,ไป,1210
05/02,5,ค,6,ย๗,872
05/02,5,ค,7,ฑฬ,768
05/02,5,ค,8,ว,560
05/02,5,ค,9,ีt,558
05/02,5,ค,10,ฉ,557
05/02,6,ค,1,ิ,22299
05/02,6,ค,2,ิ,14426
05/02,6,ค,3,ย่,2786
05/02,6,ค,4,u,1307
05/02,6,ค,5,ไป,1211
05/02,6,ค,6,ย๗,872
05/02,6,ค,7,ฑฬ,768
05/02,6,ค,8,ว,561
05/02,6,ค,9,ีt,559
05/02,6,ค,10,ฉ,557
05/02,7,ค,1,ิ,22530
05/02,7,ค,2,ิ,14708
05/02,7,ค,3,ย่,2826
05/02,7,ค,4,u,1309
05/02,7,ค,5,ไป,1213
05/02,7,ค,6,ย๗,874
05/02,7,ค,7,ฑฬ,768
05/02,7,ค,8,ว,561
05/02,7,ค,9,ีt,560
05/02,7,ค,10,ฉ,557
05/02,8,ค,1,ิ,22768
05/02,8,ค,2,ิ,14729
05/02,8,ค,3,ย่,2866
05/02,8,ค,4,u,1311
05/02,8,ค,5,ไป,1215
05/02,8,ค,6,ย๗,874
05/02,8,ค,7,ฑฬ,785
05/02,8,ค,8,ีt,563
05/02,8,ค,9,ว,561
05/02,8,ค,10,ฉ,559
05/02,9,ค,1,ิ,23246
05/02,9,ค,2,ิ,14937
05/02,9,ค,3,ย่,2981
05/02,9,ค,4,u,1317
05/02,9,ค,5,ไป,1227
05/02,9,ค,6,ย๗,877
05/02,9,ค,7,ฑฬ,785
05/02,9,ค,8,ีt,569
05/02,9,ค,9,ฉ,562
05/02,9,ค,10,ว,561
